;id_lancamento;id_centro_custo;id_forma_pagamento;dt_vencimento;valor;dt_pagamento;dt_competencia;ds_periodicidade;id_centro_resultado
0;47152863;125737;236252;2024-10-31;-125.49;;30/11/2024;;288
1;46975400;32;236252;2024-10-31;-209.13;;31/10/2024;;902
2;45298801;125737;236252;2024-09-24;418.28;;24/09/2024;;288
3;45298820;125737;236252;2024-09-24;418.28;;24/09/2024;;288
4;45298784;125737;236252;2024-09-24;125.49;;24/09/2024;;288
5;45298827;32;236252;2024-09-24;209.13;;24/09/2024;;902
6;45298779;125736;236252;2024-09-24;418.28;;24/09/2024;;268
7;45808912;32;402884;2024-09-30;-4280.47;2024-09-30;30/09/2024;;902
8;45095152;81044;402884;2024-09-20;-800.0;2024-09-19;18/09/2024;;204
9;48102081;81044;402884;2024-11-19;-900.0;2024-11-19;19/11/2024;;204
10;45095379;32;402884;2024-09-20;-3540.64;2024-09-19;18/09/2024;;902
11;46613124;32;402884;2024-11-22;-4023.0;2024-11-21;15/10/2024;;902
12;21079111;0;402853;2024-09-05;-3.17;;2024-09-05;M1;100
13;44860426;32;403011;2024-12-06;-2869.73;;06/12/2024;M1;902
14;44860428;32;403011;2025-02-06;-2869.73;;06/12/2024;M1;902
15;44860427;32;403011;2025-01-06;-2869.73;;06/12/2024;M1;902
16;44831103;0;472504;2024-11-06;-405.29;;2024-11-06;M1;100
17;44831102;0;472504;2024-10-06;-405.29;;2024-10-06;M1;100
18;44831101;0;472504;2024-09-06;-405.29;;2024-09-06;M1;100
19;46455351;0;402853;2024-10-15;-1.1400000000000001;2024-10-15;2024-10-15;;100
20;44443951;0;402856;2024-10-02;-121.6;2024-10-02;2024-09-01;;100
21;45333040;32;402853;2024-10-04;-229.85;2024-10-04;07/10/2024;;902
22;27825066;0;402856;2024-10-08;-79.99;;2024-10-08;M1;100
23;27825065;0;402856;2024-09-08;-79.99;;2024-09-08;M1;100
24;45937583;125736;236252;2024-10-15;-740.46;;01/09/2024;;268
25;45937616;32;236252;2024-10-15;-341.66;;01/09/2024;;902
26;45937590;125737;236252;2024-10-15;-499.73;;01/09/2024;;288
27;45937623;0;236252;2024-10-15;-2173.5;;2024-09-01;;100
28;45937635;125736;236252;2024-10-15;-724.5;;01/09/2024;;268
29;45937636;125736;236252;2024-10-15;-1276.5;;01/09/2024;;268
30;45937624;81044;236252;2024-10-15;-13932.86;;01/09/2024;;204
31;45937866;125736;236252;2024-10-15;-118.68;;01/09/2024;;268
32;45937855;81044;236252;2024-10-15;-2700.0;;01/09/2024;;204
33;45938000;32;236252;2024-10-15;-5963.47;;01/09/2024;;902
34;45937898;125736;236252;2024-10-15;-568.75;;01/09/2024;;268
35;45937930;32;236252;2024-10-15;-573.88;;01/09/2024;;902
36;45937885;0;236252;2024-10-15;-3019.48;;2024-09-01;;100
37;45938019;125736;236252;2024-10-15;-653.7;;01/09/2024;;268
38;45938008;0;236252;2024-10-15;-2652.46;;2024-09-01;;100
39;45938010;81044;236252;2024-10-15;-707.36;;01/09/2024;;204
40;45938134;81044;236252;2024-10-15;-19.8;;01/09/2024;;204
41;45938132;0;236252;2024-10-15;-59.4;;2024-09-01;;100
42;45938098;125737;236252;2024-10-15;-221.24;;01/09/2024;;288
43;45938211;125737;236252;2024-10-15;-7329.54;;01/09/2024;;288
44;45938196;81044;236252;2024-10-15;-2000.46;;01/09/2024;;204
45;45938352;32;236252;2024-10-15;-278.25;;01/09/2024;;902
46;44309713;125737;402853;2024-09-17;-241.96;2024-09-17;02/09/2024;;288
47;44324746;125736;402853;2024-09-17;-23.07;2024-09-17;02/09/2024;;268
48;44324747;125737;402853;2024-09-17;-23.07;2024-09-17;02/09/2024;;288
49;44324760;125737;402853;2024-10-18;-1.13;2024-10-18;02/09/2024;;288
50;44324757;81044;402853;2024-10-18;-2.25;2024-10-18;02/09/2024;;204
51;44384052;32;402853;2024-09-12;-301.7;2024-09-12;02/09/2024;;902
52;44384040;125737;402853;2024-09-12;-85.9;2024-09-12;02/09/2024;;288
53;44568550;81044;402853;2024-09-16;-1847.21;2024-09-16;01/09/2024;;204
54;44524154;0;402853;2024-09-05;-11.98;2024-09-05;2024-09-06;;100
55;44721592;125736;402884;2024-09-11;-11032.4;2024-09-11;09/09/2024;;268
56;44149212;125736;402853;2024-09-06;-552.0;2024-09-06;09/09/2024;;268
57;44828489;32;402853;2024-09-16;-6.08;2024-09-16;06/09/2024;;902
58;44828483;125737;402853;2024-09-16;-12.17;2024-09-16;06/09/2024;;288
59;45065542;81044;402853;2024-10-09;-9113.69;2024-10-09;09/09/2024;;204
60;45065546;125736;402853;2024-10-09;-1215.16;2024-10-09;09/09/2024;;268
61;45065554;32;402853;2024-10-09;-607.58;2024-10-09;09/09/2024;;902
62;45153954;32;402853;2024-09-17;-8820.5;2024-09-17;18/09/2024;;902
63;45129987;81044;402884;2024-10-04;-1321.0;2024-10-03;18/09/2024;;204
64;45154061;81044;402853;2024-09-17;-5843.25;2024-09-17;18/09/2024;;204
65;45154066;125736;402853;2024-09-17;-987.79;2024-09-17;18/09/2024;;268
66;45294311;125737;402853;2024-09-18;-15.17;;18/09/2024;;288
67;45294317;32;402853;2024-09-18;-7.59;;18/09/2024;;902
68;45293775;125737;402853;2024-09-24;-1549.18;;24/09/2024;;288
69;45293766;81044;402853;2024-09-24;-3831.9;;24/09/2024;;204
70;45293804;32;402853;2024-09-24;-1094.83;;24/09/2024;;902
71;45343567;125737;402853;2024-10-25;-66.33;2024-10-25;25/09/2024;;288
72;45343563;125736;402853;2024-10-25;-63.95;2024-10-25;25/09/2024;;268
73;45595700;0;402853;2024-09-30;-10.09;2024-09-30;2024-09-30;;100
74;30300612;32;402853;2024-10-18;-2000.0;2024-10-18;01/10/2024;;902
75;32822643;32;402856;2024-09-01;-3253.75;;01/09/2024;M1;902
76;45904859;0;236252;2024-09-30;593.61;;2024-09-30;;100
77;45904875;32;236252;2024-09-30;60.37;;30/09/2024;;902
78;45904881;32;236252;2024-09-30;170.83;;30/09/2024;;902
79;45905642;0;236252;2024-09-30;579.6;;2024-09-30;;100
80;45905643;0;236252;2024-09-30;289.8;;2024-09-30;;100
81;45905662;32;236252;2024-09-30;362.25;;30/09/2024;;902
82;45905657;32;236252;2024-09-30;72.45;;30/09/2024;;902
83;45905243;32;236252;2024-09-30;401.33;;30/09/2024;;902
84;45905231;32;236252;2024-09-30;200.67;;30/09/2024;;902
85;45905233;32;236252;2024-09-30;207.67;;30/09/2024;;902
86;45905244;32;236252;2024-09-30;834.8;;30/09/2024;;902
87;45905217;0;236252;2024-09-30;659.12;;2024-09-30;;100
88;45904985;32;236252;2024-09-30;45.56;;30/09/2024;;902
89;45904981;32;236252;2024-09-30;201.02;;30/09/2024;;902
90;45904983;32;236252;2024-09-30;100.51;;30/09/2024;;902
91;45904976;32;236252;2024-09-30;321.98;;30/09/2024;;902
92;45905054;32;236252;2024-09-30;542.84;;30/09/2024;;902
93;45905061;32;236252;2024-09-30;30.85;;30/09/2024;;902
94;45905062;32;236252;2024-09-30;316.05;;30/09/2024;;902
95;45905060;32;236252;2024-09-30;72.32;;30/09/2024;;902
96;45905036;0;236252;2024-09-30;519.05;;2024-09-30;;100
97;45905426;32;236252;2024-09-30;9.9;;30/09/2024;;902
98;45905430;32;236252;2024-09-30;3.96;;30/09/2024;;902
99;45905428;32;236252;2024-09-30;9.9;;30/09/2024;;902
100;45905422;32;236252;2024-09-30;1.98;;30/09/2024;;902
101;45905432;32;236252;2024-09-30;1.98;;30/09/2024;;902
102;45905423;32;236252;2024-09-30;5.94;;30/09/2024;;902
103;45905341;32;236252;2024-09-30;251.46;;30/09/2024;;902
104;45905315;0;236252;2024-09-30;186.98;;2024-09-30;;100
105;45905330;32;236252;2024-09-30;110.62;;30/09/2024;;902
106;45905313;0;236252;2024-09-30;204.7;;2024-09-30;;100
107;45905332;32;236252;2024-09-30;328.82;;30/09/2024;;902
108;45904786;32;236252;2024-09-30;724.39;;30/09/2024;;902
109;45904787;32;236252;2024-09-30;2173.16;;30/09/2024;;902
110;45904795;32;236252;2024-09-30;973.72;;30/09/2024;;902
111;45904790;32;236252;2024-09-30;10499.91;;30/09/2024;;902
112;45904785;32;236252;2024-09-30;2099.98;;30/09/2024;;902
113;45904773;0;236252;2024-09-30;7942.18;;2024-09-30;;100
114;45904771;0;236252;2024-09-30;6897.57;;2024-09-30;;100
115;45905502;32;236252;2024-09-30;139.13;;30/09/2024;;902
116;45905499;32;236252;2024-09-30;222.6;;30/09/2024;;902
117;45905500;32;236252;2024-09-30;139.13;;30/09/2024;;902
118;45905503;32;236252;2024-09-30;55.65;;30/09/2024;;902
119;45905481;0;236252;2024-09-30;111.3;;2024-09-30;;100
120;45905483;0;236252;2024-09-30;222.6;;2024-09-30;;100
121;46117453;81044;402853;2024-10-11;-559.4;2024-10-11;02/10/2024;;204
122;46125965;0;402856;2024-11-04;-182.74;2024-11-04;2024-10-01;;100
123;46126417;0;402856;2024-11-04;-3374.96;2024-11-04;2024-10-01;;100
124;46269479;125736;402853;2024-10-15;-2747.7;2024-10-15;01/10/2024;;268
125;46209725;81044;402853;2024-10-10;-7517.66;2024-10-10;01/10/2024;;204
126;46209736;125737;402853;2024-10-10;-1476.21;2024-10-10;01/10/2024;;288
127;46209754;32;402853;2024-10-10;-5168.16;2024-10-10;01/10/2024;;902
128;46207757;32;402853;2024-11-19;-128.4;2024-11-19;03/10/2024;;902
129;46208140;32;402853;2024-11-19;-398.04;2024-11-19;03/10/2024;;902
130;46503816;125737;402853;2024-10-15;-11.66;2024-10-15;08/10/2024;;288
131;45018913;125737;402853;2024-10-04;-598.5;2024-10-04;07/10/2024;;288
132;45018915;125737;402853;2024-10-04;-229.85;2024-10-04;07/10/2024;;288
133;46621294;125736;402884;2024-11-18;-6796.0;2024-11-14;15/10/2024;;268
134;46834897;32;433995;2024-10-30;-7781.76;2024-10-30;17/10/2024;;902
135;46867563;81044;402884;2024-09-10;-407.69;;01/10/2024;;204
136;46911788;125736;402853;2024-10-17;-876.49;2024-10-17;18/10/2024;;268
137;46990410;125737;402853;2024-10-23;-104.17;;23/10/2024;;288
138;46985625;125737;402853;2024-10-24;-1220.73;;23/10/2024;;288
139;46991619;81044;433996;2024-10-01;-3767.77;;01/10/2024;;204
140;47243696;32;433996;2024-12-03;-2546.21;;29/10/2024;;902
141;47475181;0;402853;2024-10-31;-57.83;2024-10-31;2024-10-31;;100
142;47475174;0;402853;2024-10-31;-239.59;2024-10-31;2024-10-31;;100
143;47475179;0;402853;2024-10-31;-198.26;2024-10-31;2024-10-31;;100
144;47646577;0;236252;2024-11-15;-3011.15;;2024-10-01;;100
145;47646579;81044;236252;2024-11-15;-878.49;;01/10/2024;;204
146;47646578;81044;236252;2024-11-15;-6368.86;;01/10/2024;;204
147;47646673;32;236252;2024-11-15;-724.5;;01/10/2024;;902
148;47646628;81044;236252;2024-11-15;-13932.86;;01/10/2024;;204
149;47646716;81044;236252;2024-11-15;-572.88;;01/10/2024;;204
150;47646729;125737;236252;2024-11-15;-4661.35;;01/10/2024;;288
151;47646997;125737;236252;2024-11-15;-1767.83;;01/10/2024;;288
152;47646798;81044;236252;2024-11-15;-1032.01;;01/10/2024;;204
153;47646998;125737;236252;2024-11-15;-433.16;;01/10/2024;;288
154;47646746;81044;236252;2024-11-15;-1479.92;;01/10/2024;;204
155;47646747;81044;236252;2024-11-15;-271.81;;01/10/2024;;204
156;47646758;125736;236252;2024-11-15;-699.28;;01/10/2024;;268
157;47647083;32;236252;2024-11-15;-388.66;;01/10/2024;;902
158;47647049;125736;236252;2024-11-15;-277.75;;01/10/2024;;268
159;47647215;32;236252;2024-11-15;-19.8;;01/10/2024;;902
160;47647162;0;236252;2024-11-15;-59.4;;2024-10-01;;100
161;47647182;125737;236252;2024-11-15;-19.8;;01/10/2024;;288
162;47647213;32;236252;2024-11-15;-198.0;;01/10/2024;;902
163;47647181;125737;236252;2024-11-15;-44.15;;01/10/2024;;288
164;47647214;32;236252;2024-11-15;-19.8;;01/10/2024;;902
165;47647123;125736;236252;2024-11-15;-549.78;;01/10/2024;;268
166;47647091;81044;236252;2024-11-15;-392.7;;01/10/2024;;204
167;47647128;125737;236252;2024-11-15;-235.62;;01/10/2024;;288
168;47647092;81044;236252;2024-11-15;-1373.85;;01/10/2024;;204
169;47647752;125737;236252;2024-11-15;-13489.02;;01/10/2024;;288
170;47647226;0;236252;2024-11-15;-36133.68;;2024-10-01;;100
171;47647785;32;236252;2024-11-15;-5164.14;;01/10/2024;;902
172;47647804;81044;236252;2024-11-15;-278.25;;01/10/2024;;204
173;47645134;125736;433996;2024-12-03;-75.45;;01/11/2024;;268
174;32822483;32;402856;2024-10-01;-345.41;;01/10/2024;M1;902
175;47649091;81044;402853;2024-11-14;-28.2;2024-11-14;01/11/2024;;204
176;47665626;32;236252;2024-10-31;73.76;;31/10/2024;;902
177;47665617;32;236252;2024-10-31;875.0;;31/10/2024;;902
178;47665621;32;236252;2024-10-31;170.84;;31/10/2024;;902
179;47666508;32;236252;2024-10-31;362.25;;31/10/2024;;902
180;47666511;32;236252;2024-10-31;144.9;;31/10/2024;;902
181;47666075;32;236252;2024-10-31;172.51;;31/10/2024;;902
182;47666081;32;236252;2024-10-31;57.5;;31/10/2024;;902
183;47666080;32;236252;2024-10-31;78.35;;31/10/2024;;902
184;47665838;32;236252;2024-10-31;801.54;;31/10/2024;;902
185;47665849;32;236252;2024-10-31;466.67;;31/10/2024;;902
186;47665745;32;236252;2024-10-31;233.33;;31/10/2024;;902
187;47665843;32;236252;2024-10-31;321.26;;31/10/2024;;902
188;47665841;32;236252;2024-10-31;513.89;;31/10/2024;;902
189;47665915;32;236252;2024-10-31;163.84;;31/10/2024;;902
190;47665912;32;236252;2024-10-31;409.61;;31/10/2024;;902
191;47665911;32;236252;2024-10-31;135.86;;31/10/2024;;902
192;47665919;32;236252;2024-10-31;30.85;;31/10/2024;;902
193;47665910;32;236252;2024-10-31;790.13;;31/10/2024;;902
194;47665916;32;236252;2024-10-31;61.71;;31/10/2024;;902
195;47666301;32;236252;2024-10-31;4.52;;31/10/2024;;902
196;47666296;32;236252;2024-10-31;5.94;;31/10/2024;;902
197;47666227;32;236252;2024-10-31;157.08;;31/10/2024;;902
198;47666228;32;236252;2024-10-31;350.2;;31/10/2024;;902
199;47666230;32;236252;2024-10-31;196.35;;31/10/2024;;902
200;47666235;32;236252;2024-10-31;33.48;;31/10/2024;;902
201;47666226;32;236252;2024-10-31;117.81;;31/10/2024;;902
202;47666237;32;236252;2024-10-31;314.16;;31/10/2024;;902
203;47665021;32;236252;2024-10-31;7214.14;;31/10/2024;;902
204;47665031;32;236252;2024-10-31;410.05;;31/10/2024;;902
205;47665028;32;236252;2024-10-31;820.11;;31/10/2024;;902
206;47665032;32;236252;2024-10-31;4199.92;;31/10/2024;;902
207;47666395;32;236252;2024-10-31;222.6;;31/10/2024;;902
208;47666402;32;236252;2024-10-31;55.65;;31/10/2024;;902
209;47666398;32;236252;2024-10-31;139.13;;31/10/2024;;902
210;47666391;32;236252;2024-10-31;27.83;;31/10/2024;;902
211;47722899;32;402853;2024-12-20;-128.4;2024-12-20;05/11/2024;;902
212;47731465;32;402853;2024-11-14;-365.75;2024-11-14;06/11/2024;;902
213;47789647;32;402853;2024-11-07;-5.64;2024-11-07;01/11/2024;;902
214;47789637;81044;402853;2024-11-07;-5.64;2024-11-07;01/11/2024;;204
215;47881703;32;402853;2024-11-11;-5477.48;2024-11-11;01/11/2024;;902
216;47881638;0;402853;2024-11-11;-1706.2;2024-11-11;2024-11-01;;100
217;47281529;81044;402853;2024-11-06;-265.0;2024-11-06;04/11/2024;;204
218;48088177;81044;402853;2024-11-14;-2517.35;2024-11-14;01/11/2024;;204
219;48200487;125736;402853;2024-11-18;-150.0;;18/11/2024;;268
220;48200490;125737;402853;2024-11-18;-100.0;;18/11/2024;;288
221;48199901;125736;433996;2024-11-01;-421.64;;01/11/2024;;268
222;48494975;81044;402853;2024-11-19;-5843.25;2024-11-19;20/11/2024;;204
223;48494986;125737;402853;2024-11-19;-898.75;2024-11-19;20/11/2024;;288
224;48609428;125736;402884;2024-12-16;-3974.0;2024-12-16;25/11/2024;;268
225;32822645;32;402856;2024-11-01;-3582.1;;01/11/2024;M1;902
226;32823329;32;402856;2024-11-01;-131.06;;01/11/2024;M1;902
227;48921096;81044;433996;2025-01-03;-385.11;2025-01-03;01/12/2024;;204
228;48982911;81044;236252;2024-12-15;-1212.54;;01/11/2024;;204
229;48982973;125736;236252;2024-12-15;-724.5;;01/11/2024;;268
230;48983004;32;236252;2024-12-15;-8820.5;;01/11/2024;;902
231;48983026;81044;236252;2024-12-15;-17409.79;;01/11/2024;;204
232;48983028;81044;236252;2024-12-15;-693.86;;01/11/2024;;204
233;48983118;125736;236252;2024-12-15;-543.92;;01/11/2024;;268
234;48983105;0;236252;2024-12-15;-4284.7;;2024-11-01;;100
235;48983058;81044;236252;2024-12-15;-2251.37;;01/11/2024;;204
236;48983212;32;236252;2024-12-15;-336.3;;01/11/2024;;902
237;48983211;32;236252;2024-12-15;-6114.77;;01/11/2024;;902
238;48983324;32;236252;2024-12-15;-198.0;;01/11/2024;;902
239;48983284;81044;236252;2024-12-15;-19.8;;01/11/2024;;204
240;48983281;0;236252;2024-12-15;-59.4;;2024-11-01;;100
241;48983294;125736;236252;2024-12-15;-19.8;;01/11/2024;;268
242;48983220;81044;236252;2024-12-15;-392.7;;01/11/2024;;204
243;48983218;0;236252;2024-12-15;-1208.08;;2024-11-01;;100
244;48983275;32;236252;2024-12-15;-334.75;;01/11/2024;;902
245;48983231;125736;236252;2024-12-15;-392.7;;01/11/2024;;268
246;48983347;125736;236252;2024-12-15;-11612.1;;01/11/2024;;268
247;48983335;0;236252;2024-12-15;-39089.21;;2024-11-01;;100
248;48983352;125737;236252;2024-12-15;-18844.71;;01/11/2024;;288
249;48983421;81044;236252;2024-12-15;-278.25;;01/11/2024;;204
250;48983420;81044;236252;2024-12-15;-278.25;;01/11/2024;;204
251;48983462;32;236252;2024-12-15;-278.25;;01/11/2024;;902
252;48977417;32;403011;2025-01-02;-8033.56;2025-01-02;03/12/2024;;902
253;48933927;32;402853;2024-12-12;-129.9;2024-12-12;02/12/2024;;902
254;48918044;125737;402853;2024-12-09;-5.64;2024-12-09;01/12/2024;;288
255;48950508;32;402853;2024-11-30;-107.41;;30/11/2024;;902
256;48950527;0;402853;2024-11-30;-4975.27;;2024-11-30;;100
257;48983919;32;236252;2024-11-30;217.42;;30/11/2024;;902
258;48983916;32;236252;2024-11-30;1268.67;;30/11/2024;;902
259;48983917;32;236252;2024-11-30;237.5;;30/11/2024;;902
260;48983911;32;236252;2024-11-30;87.53;;30/11/2024;;902
261;48984567;32;236252;2024-11-30;289.8;;30/11/2024;;902
262;48984561;32;236252;2024-11-30;289.8;;30/11/2024;;902
263;48984571;32;236252;2024-11-30;72.45;;30/11/2024;;902
264;48984568;32;236252;2024-11-30;144.9;;30/11/2024;;902
265;48984564;32;236252;2024-11-30;217.35;;30/11/2024;;902
266;48984566;32;236252;2024-11-30;362.25;;30/11/2024;;902
267;48984180;32;236252;2024-11-30;272.34;;30/11/2024;;902
268;48984185;32;236252;2024-11-30;213.52;;30/11/2024;;902
269;48984187;32;236252;2024-11-30;280.34;;30/11/2024;;902
270;48984176;32;236252;2024-11-30;241.09;;30/11/2024;;902
271;48984174;32;236252;2024-11-30;229.87;;30/11/2024;;902
272;48984192;32;236252;2024-11-30;459.74;;30/11/2024;;902
273;48984190;32;236252;2024-11-30;140.17;;30/11/2024;;902
274;48984014;32;236252;2024-11-30;695.71;;30/11/2024;;902
275;48984013;32;236252;2024-11-30;57.98;;30/11/2024;;902
276;48983999;32;236252;2024-11-30;347.85;;30/11/2024;;902
277;48984003;32;236252;2024-11-30;1326.29;;30/11/2024;;902
278;48984009;32;236252;2024-11-30;531.85;;30/11/2024;;902
279;48984011;32;236252;2024-11-30;105.56;;30/11/2024;;902
280;48984104;32;236252;2024-11-30;71.49;;30/11/2024;;902
281;48984105;32;236252;2024-11-30;110.38;;30/11/2024;;902
282;48984100;32;236252;2024-11-30;168.15;;30/11/2024;;902
283;48984101;32;236252;2024-11-30;285.95;;30/11/2024;;902
284;48984108;32;236252;2024-11-30;391.52;;30/11/2024;;902
285;48984103;32;236252;2024-11-30;67.26;;30/11/2024;;902
286;48984387;32;236252;2024-11-30;14.06;;30/11/2024;;902
287;48984377;32;236252;2024-11-30;5.94;;30/11/2024;;902
288;48984380;32;236252;2024-11-30;7.92;;30/11/2024;;902
289;48984374;32;236252;2024-11-30;7.92;;30/11/2024;;902
290;48984261;32;236252;2024-11-30;39.27;;30/11/2024;;902
291;48984260;32;236252;2024-11-30;43.78;;30/11/2024;;902
292;48984265;32;236252;2024-11-30;218.88;;30/11/2024;;902
293;48984269;32;236252;2024-11-30;66.95;;30/11/2024;;902
294;48984266;32;236252;2024-11-30;196.35;;30/11/2024;;902
295;48983814;32;236252;2024-11-30;2161.04;;30/11/2024;;902
296;48983813;32;236252;2024-11-30;6437.89;;30/11/2024;;902
297;48983811;32;236252;2024-11-30;11234.11;;30/11/2024;;902
298;48983820;32;236252;2024-11-30;432.21;;30/11/2024;;902
299;48984846;32;236252;2024-11-30;8560.0;;30/11/2024;;902
300;48984462;32;236252;2024-11-30;83.48;;30/11/2024;;902
301;48984466;32;236252;2024-11-30;83.48;;30/11/2024;;902
302;48984471;32;236252;2024-11-30;55.65;;30/11/2024;;902
303;48984475;32;236252;2024-11-30;55.65;;30/11/2024;;902
304;49588364;32;402853;2024-12-10;-4516.88;2024-12-10;01/12/2024;;902
305;49624866;32;402853;2024-12-17;-253.48;2024-12-17;03/12/2024;;902
306;49626280;125737;402853;2024-12-17;-24.17;2024-12-17;03/12/2024;;288
307;48658088;81044;402853;2024-12-05;-100.0;2024-12-05;06/12/2024;;204
308;49794204;32;402853;2025-01-02;-4831.79;2025-01-02;03/12/2024;;902
309;50038750;81044;402853;2024-12-16;-2683.6;2024-12-16;01/12/2024;;204
310;50305685;32;402853;2024-12-10;-7168.41;2024-12-10;01/12/2024;;902
311;32823679;32;402856;2024-12-01;-6728.47;;01/12/2024;M1;902
312;50805817;0;236252;2025-01-15;-3279.77;;2024-12-01;;100
313;50806009;32;236252;2025-01-15;-350.98;;01/12/2024;;902
314;50805902;125737;236252;2025-01-15;-2023.79;;01/12/2024;;288
315;50806108;125737;236252;2025-01-15;-2340.14;;01/12/2024;;288
316;50806090;125736;236252;2025-01-15;-724.5;;01/12/2024;;268
317;50806221;32;236252;2025-01-15;-724.5;;01/12/2024;;902
318;50807420;81044;236252;2025-01-15;-631.49;;01/12/2024;;204
319;50807517;125736;236252;2025-01-15;-147.25;;01/12/2024;;268
320;50809644;125736;236252;2025-01-15;-429.1;;01/12/2024;;268
321;50807636;125736;236252;2025-01-15;-2238.48;;01/12/2024;;268
322;50807754;32;236252;2025-01-15;-467.97;;01/12/2024;;902
323;50807750;32;236252;2025-01-15;-8091.16;;01/12/2024;;902
324;50809686;0;236252;2025-01-15;-2685.56;;2024-12-01;;100
325;50809689;81044;236252;2025-01-15;-190.84;;01/12/2024;;204
326;50809730;32;236252;2025-01-15;-316.93;;01/12/2024;;902
327;50809731;32;236252;2025-01-15;-498.39;;01/12/2024;;902
328;50809903;125736;236252;2025-01-15;-19.8;;01/12/2024;;268
329;50809892;81044;236252;2025-01-15;-19.8;;01/12/2024;;204
330;50809935;32;236252;2025-01-15;-19.8;;01/12/2024;;902
331;50809902;125736;236252;2025-01-15;-42.57;;01/12/2024;;268
332;50809890;0;236252;2025-01-15;-59.4;;2024-12-01;;100
333;50809934;32;236252;2025-01-15;-19.8;;01/12/2024;;902
334;50809885;32;236252;2025-01-15;-392.7;;01/12/2024;;902
335;50809737;81044;236252;2025-01-15;-7632.42;;01/12/2024;;204
336;50809852;125736;236252;2025-01-15;-392.7;;01/12/2024;;268
337;50809739;81044;236252;2025-01-15;-492.48;;01/12/2024;;204
338;50809944;0;236252;2025-01-15;-33829.8;;2024-12-01;;100
339;50809946;81044;236252;2025-01-15;-6766.01;;01/12/2024;;204
340;50810314;81044;236252;2025-01-15;-278.25;;01/12/2024;;204
341;50810313;81044;236252;2025-01-15;-278.25;;01/12/2024;;204
342;36886599;0;433996;2024-09-19;-91.57;;2024-09-19;M1;100
343;47152862;125737;236252;2024-10-31;-418.28;;30/11/2024;;288
344;47152858;125736;236252;2024-10-31;-418.28;;30/11/2024;;268
345;46975393;125737;236252;2024-10-31;-418.28;;31/10/2024;;288
346;47152859;125736;236252;2024-10-31;-83.66;;30/11/2024;;268
347;45448095;32;236252;2024-09-30;-209.13;;30/09/2024;;902
348;46975389;125736;236252;2024-10-31;-418.28;;31/10/2024;;268
349;47152869;32;236252;2024-10-31;-209.13;;30/11/2024;;902
350;46975394;125737;236252;2024-10-31;-125.49;;31/10/2024;;288
351;45298797;125736;236252;2024-09-24;418.28;;24/09/2024;;268
352;45298798;125736;236252;2024-09-24;83.66;;24/09/2024;;268
353;45298774;81044;236252;2024-09-24;2718.8;;24/09/2024;;204
354;45298817;125736;236252;2024-09-24;83.66;;24/09/2024;;268
355;45298783;125737;236252;2024-09-24;418.28;;24/09/2024;;288
356;45298816;125736;236252;2024-09-24;418.28;;24/09/2024;;268
357;45298821;125737;236252;2024-09-24;125.49;;24/09/2024;;288
358;45298809;32;236252;2024-09-24;209.13;;24/09/2024;;902
359;45298811;81044;236252;2024-09-24;2718.8;;24/09/2024;;204
360;45298790;32;236252;2024-09-24;209.13;;24/09/2024;;902
361;45095455;81044;402884;2024-09-20;-900.0;2024-09-19;18/09/2024;;204
362;48609379;32;402884;2024-12-09;-989.0;2024-12-09;25/11/2024;;902
363;44722384;125737;402853;2024-09-11;-457.49;2024-09-11;11/09/2024;;288
364;1;0;402853;2024-10-08;-3.03;;2024-10-08;M1;100
365;21079112;0;402853;2024-10-05;-3.17;;2024-10-05;M1;100
366;21079113;0;402853;2024-11-05;-3.17;;2024-11-05;M1;100
367;48497150;81044;402884;2024-11-26;-2858.0;2024-11-26;26/11/2024;;204
368;44860425;32;403011;2024-11-06;-2869.73;;06/11/2024;M1;902
369;44860424;32;403011;2024-10-06;-2869.73;;06/10/2024;M1;902
370;45457703;0;402853;2024-10-15;-2.43;2024-10-15;2024-09-26;;100
371;29958276;0;402856;2024-09-08;-42.9;;2024-09-08;M1;100
372;29958282;0;402856;2024-12-08;-42.9;;2024-12-08;M1;100
373;44410401;32;433996;2024-10-02;-27.81;2024-10-02;01/09/2024;;902
374;45937617;32;236252;2024-10-15;-430.4;;01/09/2024;;902
375;45937585;125736;236252;2024-10-15;-426.56;;01/09/2024;;268
376;45937574;81044;236252;2024-10-15;-766.67;;01/09/2024;;204
377;45937573;81044;236252;2024-10-15;-6730.99;;01/09/2024;;204
378;45937668;32;236252;2024-10-15;-724.5;;01/09/2024;;902
379;45937667;32;236252;2024-10-15;-724.5;;01/09/2024;;902
380;45937841;81044;236252;2024-10-15;-740.78;;01/09/2024;;204
381;45937974;125737;236252;2024-10-15;-1465.08;;01/09/2024;;288
382;45937957;0;236252;2024-10-15;-3368.18;;2024-09-01;;100
383;45937896;125736;236252;2024-10-15;-681.98;;01/09/2024;;268
384;45937888;81044;236252;2024-10-15;-243.67;;01/09/2024;;204
385;45938054;32;236252;2024-10-15;-388.65;;01/09/2024;;902
386;45938011;81044;236252;2024-10-15;-177.18;;01/09/2024;;204
387;45938135;81044;236252;2024-10-15;-19.8;;01/09/2024;;204
388;45938133;81044;236252;2024-10-15;-378.2;;01/09/2024;;204
389;45938183;32;236252;2024-10-15;-19.8;;01/09/2024;;902
390;45938084;81044;236252;2024-10-15;-368.73;;01/09/2024;;204
391;45938123;32;236252;2024-10-15;-3436.15;;01/09/2024;;902
392;45938192;32;236252;2024-10-15;-57156.87;;01/09/2024;;902
393;45938194;81044;236252;2024-10-15;-59734.38;;01/09/2024;;204
394;45938237;32;236252;2024-10-15;-59421.99;;01/09/2024;;902
395;45938256;125736;236252;2024-10-15;-319.99;;01/09/2024;;268
396;44309712;125736;402853;2024-09-17;-241.96;2024-09-17;02/09/2024;;268
397;44309710;81044;402853;2024-09-17;-483.92;2024-09-17;02/09/2024;;204
398;44415216;32;403011;2024-10-03;-8033.56;2024-10-03;03/09/2024;;902
399;44384034;81044;402853;2024-09-12;-492.89;2024-09-12;02/09/2024;;204
400;44658267;32;402853;2024-09-10;-4516.88;2024-09-10;01/09/2024;;902
401;44754809;81044;402853;2024-09-10;-6629.12;2024-09-10;01/09/2024;;204
402;44721593;125737;402884;2024-09-11;-16548.6;2024-09-11;09/09/2024;;288
403;44149214;125736;402853;2024-09-06;-212.0;2024-09-06;09/09/2024;;268
404;45065549;125737;402853;2024-10-09;-1215.16;2024-10-09;09/09/2024;;288
405;45153700;32;433995;2024-09-30;-160.0;2024-09-30;19/09/2024;;902
406;45153924;0;402853;2024-09-17;-2173.5;2024-09-17;2024-09-18;;100
407;45153934;125737;402853;2024-09-17;-1615.64;2024-09-17;18/09/2024;;288
408;45127837;81044;402884;2024-10-11;-2641.0;2024-10-11;18/09/2024;;204
409;45294304;81044;402853;2024-09-18;-113.8;;18/09/2024;;204
410;45293771;125736;402853;2024-09-24;-1395.91;;24/09/2024;;268
411;45296222;125736;433996;2024-09-01;-167.36;;01/09/2024;;268
412;45296247;32;433996;2024-09-01;-721.95;;01/09/2024;;902
413;45296214;0;433996;2024-09-01;-196.9;;2024-09-01;;100
414;45296227;125737;433996;2024-09-01;-185.74;;01/09/2024;;288
415;45343588;32;402853;2024-10-25;-198.0;2024-10-25;25/09/2024;;902
416;45343558;81044;402853;2024-10-25;-455.4;2024-10-25;25/09/2024;;204
417;45520167;32;433996;2024-11-04;-756.0;2024-11-04;27/09/2024;;902
418;45451633;81044;402853;2024-09-18;-815.22;;19/09/2024;;204
419;45585973;125737;433996;2024-11-04;-706.63;2024-11-04;30/09/2024;;288
420;45585963;0;433996;2024-11-04;-749.08;2024-11-04;2024-09-30;;100
421;45930093;125736;402853;2024-10-07;-45.7;2024-10-07;03/10/2024;;268
422;45930094;125737;402853;2024-10-07;-68.56;2024-10-07;03/10/2024;;288
423;45907761;0;402853;2024-09-30;-57.72;2024-09-30;2024-09-30;;100
424;45907745;32;402853;2024-09-30;-109.83;2024-09-30;30/09/2024;;902
425;45907752;32;402853;2024-09-30;-278.02;2024-09-30;30/09/2024;;902
426;45907744;0;402853;2024-09-30;-577.75;2024-09-30;2024-09-30;;100
427;45907760;0;402853;2024-09-30;-2638.58;2024-09-30;2024-09-30;;100
428;45904884;32;236252;2024-09-30;73.76;;30/09/2024;;902
429;45904880;32;236252;2024-09-30;368.82;;30/09/2024;;902
430;45904882;32;236252;2024-09-30;147.53;;30/09/2024;;902
431;45904885;32;236252;2024-09-30;34.17;;30/09/2024;;902
432;45904861;0;236252;2024-09-30;574.81;;2024-09-30;;100
433;45904886;32;236252;2024-09-30;350.0;;30/09/2024;;902
434;45904860;0;236252;2024-09-30;574.81;;2024-09-30;;100
435;45905660;32;236252;2024-09-30;289.8;;30/09/2024;;902
436;45905666;32;236252;2024-09-30;144.9;;30/09/2024;;902
437;45905667;32;236252;2024-09-30;72.45;;30/09/2024;;902
438;45905664;32;236252;2024-09-30;362.25;;30/09/2024;;902
439;45905668;32;236252;2024-09-30;72.45;;30/09/2024;;902
440;45905241;32;236252;2024-09-30;91.84;;30/09/2024;;902
441;45905239;32;236252;2024-09-30;183.67;;30/09/2024;;902
442;45905234;32;236252;2024-09-30;276.89;;30/09/2024;;902
443;45905242;32;236252;2024-09-30;39.18;;30/09/2024;;902
444;45905236;32;236252;2024-09-30;1003.34;;30/09/2024;;902
445;45904987;32;236252;2024-09-30;3174.64;;30/09/2024;;902
446;45904934;0;236252;2024-09-30;766.53;;2024-09-30;;100
447;45904975;32;236252;2024-09-30;241.49;;30/09/2024;;902
448;45904936;0;236252;2024-09-30;882.53;;2024-09-30;;100
449;45904977;32;236252;2024-09-30;801.54;;30/09/2024;;902
450;45904986;32;236252;2024-09-30;466.67;;30/09/2024;;902
451;45905057;32;236252;2024-09-30;154.27;;30/09/2024;;902
452;45905055;32;236252;2024-09-30;790.13;;30/09/2024;;902
453;45905051;32;236252;2024-09-30;54.51;;30/09/2024;;902
454;45905058;32;236252;2024-09-30;144.64;;30/09/2024;;902
455;45905059;32;236252;2024-09-30;61.71;;30/09/2024;;902
456;45905052;32;236252;2024-09-30;163.54;;30/09/2024;;902
457;45905038;0;236252;2024-09-30;597.7;;2024-09-30;;100
458;45905424;32;236252;2024-09-30;7.92;;30/09/2024;;902
459;45905388;0;236252;2024-09-30;7.92;;2024-09-30;;100
460;45905434;32;236252;2024-09-30;15.84;;30/09/2024;;902
461;45905425;32;236252;2024-09-30;15.84;;30/09/2024;;902
462;45905333;32;236252;2024-09-30;205.52;;30/09/2024;;902
463;45905340;32;236252;2024-09-30;82.21;;30/09/2024;;902
464;45905331;32;236252;2024-09-30;147.49;;30/09/2024;;902
465;45905336;32;236252;2024-09-30;73.75;;30/09/2024;;902
466;45905334;32;236252;2024-09-30;184.37;;30/09/2024;;902
467;45904770;0;236252;2024-09-30;7123.66;;2024-09-30;;100
468;45904797;32;236252;2024-09-30;4199.96;;30/09/2024;;902
469;45904798;32;236252;2024-09-30;5765.98;;30/09/2024;;902
470;45904796;32;236252;2024-09-30;409.97;;30/09/2024;;902
471;45904793;32;236252;2024-09-30;1947.43;;30/09/2024;;902
472;45905966;32;236252;2024-09-30;8560.0;;30/09/2024;;902
473;45905505;32;236252;2024-09-30;27.83;;30/09/2024;;902
474;45905497;32;236252;2024-09-30;83.48;;30/09/2024;;902
475;45905501;32;236252;2024-09-30;139.13;;30/09/2024;;902
476;45905504;32;236252;2024-09-30;55.65;;30/09/2024;;902
477;45905508;32;236252;2024-09-30;222.6;;30/09/2024;;902
478;45905495;32;236252;2024-09-30;27.83;;30/09/2024;;902
479;45905498;32;236252;2024-09-30;111.3;;30/09/2024;;902
480;45905506;32;236252;2024-09-30;27.83;;30/09/2024;;902
481;46117470;32;402853;2024-10-11;-129.9;2024-10-11;02/10/2024;;902
482;46209724;0;402853;2024-10-10;-2054.6;2024-10-10;2024-10-01;;100
483;46473966;125737;433996;2024-11-04;-49.87;2024-11-04;01/10/2024;;288
484;46504622;125737;402853;2024-10-16;-370.3;2024-10-16;01/10/2024;;288
485;46504621;125736;402853;2024-10-16;-324.02;2024-10-16;01/10/2024;;268
486;46504619;81044;402853;2024-10-16;-462.88;2024-10-16;01/10/2024;;204
487;46504900;125736;402853;2024-10-16;-30.89;2024-10-16;01/10/2024;;268
488;46834473;32;433995;2024-10-30;-160.0;2024-10-30;17/10/2024;;902
489;46911268;0;402853;2024-10-17;-2173.5;2024-10-17;2024-10-18;;100
490;46911269;81044;402853;2024-10-17;-15214.5;2024-10-17;18/10/2024;;204
491;46911780;0;402853;2024-10-17;-834.75;2024-10-17;2024-10-18;;100
492;46990403;81044;402853;2024-10-23;-885.42;;23/10/2024;;204
493;46985643;32;402853;2024-10-24;-2189.66;;23/10/2024;;902
494;46991623;125737;433996;2024-10-01;-188.39;;01/10/2024;;288
495;47026329;125736;402853;2024-10-17;-14.54;;18/10/2024;;268
496;46862927;32;402853;2024-10-25;-330.0;2024-10-25;28/10/2024;;902
497;47175034;81044;402853;2024-11-25;-455.4;2024-11-25;25/10/2024;;204
498;47175039;125736;402853;2024-11-25;-62.37;2024-11-25;25/10/2024;;268
499;47175043;125737;402853;2024-11-25;-83.75;2024-11-25;25/10/2024;;288
500;47475165;0;402853;2024-10-31;-577.2;2024-10-31;2024-10-31;;100
501;47646593;125737;236252;2024-11-15;-1507.37;;01/10/2024;;288
502;47646638;125736;236252;2024-11-15;-1557.68;;01/10/2024;;268
503;47646627;0;236252;2024-11-15;-2173.5;;2024-10-01;;100
504;47646724;125736;236252;2024-11-15;-5711.47;;01/10/2024;;268
505;47646730;125737;236252;2024-11-15;-120.54;;01/10/2024;;288
506;47646797;81044;236252;2024-11-15;-6978.15;;01/10/2024;;204
507;47646807;125736;236252;2024-11-15;-1769.86;;01/10/2024;;268
508;47647026;32;236252;2024-11-15;-6492.41;;01/10/2024;;902
509;47646762;125737;236252;2024-11-15;-2439.76;;01/10/2024;;288
510;47646757;125736;236252;2024-11-15;-2503.41;;01/10/2024;;268
511;47647038;81044;236252;2024-11-15;-192.06;;01/10/2024;;204
512;47647054;125737;236252;2024-11-15;-341.11;;01/10/2024;;288
513;47647082;32;236252;2024-11-15;-308.54;;01/10/2024;;902
514;47647035;0;236252;2024-11-15;-2780.97;;2024-10-01;;100
515;47647048;125736;236252;2024-11-15;-1393.73;;01/10/2024;;268
516;47647165;81044;236252;2024-11-15;-19.8;;01/10/2024;;204
517;47647228;81044;236252;2024-11-15;-6500.24;;01/10/2024;;204
518;47647803;81044;236252;2024-11-15;-5335.84;;01/10/2024;;204
519;47645128;81044;433996;2024-12-03;-402.4;;01/11/2024;;204
520;47645138;125737;433996;2024-12-03;-50.3;;01/11/2024;;288
521;47646823;32;402853;2024-11-14;-295.73;2024-11-14;01/11/2024;;902
522;47665622;32;236252;2024-10-31;240.94;;31/10/2024;;902
523;47665614;32;236252;2024-10-31;601.15;;31/10/2024;;902
524;47665603;32;236252;2024-10-31;175.0;;31/10/2024;;902
525;47665625;32;236252;2024-10-31;60.24;;31/10/2024;;902
526;47665606;32;236252;2024-10-31;60.37;;31/10/2024;;902
527;47665624;32;236252;2024-10-31;68.33;;31/10/2024;;902
528;47666503;32;236252;2024-10-31;217.35;;31/10/2024;;902
529;47666516;32;236252;2024-10-31;144.9;;31/10/2024;;902
530;47666505;32;236252;2024-10-31;579.6;;31/10/2024;;902
531;47666515;32;236252;2024-10-31;72.45;;31/10/2024;;902
532;47666509;32;236252;2024-10-31;362.25;;31/10/2024;;902
533;47666083;32;236252;2024-10-31;39.18;;31/10/2024;;902
534;47666071;32;236252;2024-10-31;207.68;;31/10/2024;;902
535;47666077;32;236252;2024-10-31;195.89;;31/10/2024;;902
536;47666079;32;236252;2024-10-31;208.05;;31/10/2024;;902
537;47666084;32;236252;2024-10-31;401.33;;31/10/2024;;902
538;47666076;32;236252;2024-10-31;520.13;;31/10/2024;;902
539;47665746;32;236252;2024-10-31;80.49;;31/10/2024;;902
540;47665747;32;236252;2024-10-31;241.48;;31/10/2024;;902
541;47665840;32;236252;2024-10-31;240.94;;31/10/2024;;902
542;47665848;32;236252;2024-10-31;45.56;;31/10/2024;;902
543;47665905;32;236252;2024-10-31;158.03;;31/10/2024;;902
544;47665909;32;236252;2024-10-31;542.84;;31/10/2024;;902
545;47666298;32;236252;2024-10-31;15.84;;31/10/2024;;902
546;47666309;32;236252;2024-10-31;1.98;;31/10/2024;;902
547;47666304;32;236252;2024-10-31;6.03;;31/10/2024;;902
548;47666307;32;236252;2024-10-31;1.51;;31/10/2024;;902
549;47666299;32;236252;2024-10-31;9.9;;31/10/2024;;902
550;47666224;32;236252;2024-10-31;43.78;;31/10/2024;;902
551;47666229;32;236252;2024-10-31;218.88;;31/10/2024;;902
552;47665020;32;236252;2024-10-31;2897.97;;31/10/2024;;902
553;47667439;32;236252;2024-10-31;8560.0;;31/10/2024;;902
554;47666393;32;236252;2024-10-31;83.48;;31/10/2024;;902
555;47666392;32;236252;2024-10-31;27.83;;31/10/2024;;902
556;47666406;32;236252;2024-10-31;55.65;;31/10/2024;;902
557;47666396;32;236252;2024-10-31;139.13;;31/10/2024;;902
558;47666401;32;236252;2024-10-31;55.65;;31/10/2024;;902
559;47788944;81044;402853;2024-11-07;-56.39;2024-11-07;01/11/2024;;204
560;47873666;32;402853;2024-11-12;-129.9;2024-11-12;02/11/2024;;902
561;47941026;32;402853;2024-11-11;-4516.88;2024-11-11;01/11/2024;;902
562;48081073;125737;402853;2024-11-14;-11.2;2024-11-14;06/11/2024;;288
563;48081070;125736;402853;2024-11-14;-16.79;2024-11-14;06/11/2024;;268
564;48088321;81044;402884;2024-11-11;-407.69;;01/11/2024;;204
565;48200505;125737;402853;2024-11-18;-13.96;;18/11/2024;;288
566;48200483;81044;402853;2024-11-18;-850.0;;18/11/2024;;204
567;48206554;125736;402853;2024-11-18;-2653.35;;18/11/2024;;268
568;48199898;0;433996;2024-11-01;-133.85;;2024-11-01;;100
569;48199899;81044;433996;2024-11-01;-2677.1;;01/11/2024;;204
570;48494439;125736;402853;2024-11-19;-2282.18;2024-11-19;20/11/2024;;268
571;48537868;81044;472504;2024-11-26;-2850.06;2024-11-26;25/11/2024;;204
572;48608913;0;402853;2024-12-20;-79.2;2024-12-20;2024-11-25;;100
573;48608942;32;402853;2024-12-20;-237.6;2024-12-20;25/11/2024;;902
574;48608919;125736;402853;2024-12-20;-62.37;2024-12-20;25/11/2024;;268
575;32822484;32;402856;2024-11-01;-359.67;;01/11/2024;M1;902
576;48921101;125736;433996;2025-01-03;-77.02;2025-01-03;01/12/2024;;268
577;48982909;0;236252;2024-12-15;-5992.6;;2024-11-01;;100
578;48982954;32;236252;2024-12-15;-1099.88;;01/11/2024;;902
579;48982921;125736;236252;2024-12-15;-1993.47;;01/11/2024;;268
580;48982952;32;236252;2024-12-15;-8846.77;;01/11/2024;;902
581;48982977;125737;236252;2024-12-15;-2340.14;;01/11/2024;;288
582;48982963;81044;236252;2024-12-15;-724.5;;01/11/2024;;204
583;48983036;125736;236252;2024-12-15;-3219.13;;01/11/2024;;268
584;48983037;125736;236252;2024-12-15;-684.78;;01/11/2024;;268
585;48983041;125737;236252;2024-12-15;-4020.78;;01/11/2024;;288
586;48983027;81044;236252;2024-12-15;-5126.09;;01/11/2024;;204
587;48983163;32;236252;2024-12-15;-427.04;;01/11/2024;;902
588;48983164;32;236252;2024-12-15;-726.36;;01/11/2024;;902
589;48983098;32;236252;2024-12-15;-12594.33;;01/11/2024;;902
590;48983059;81044;236252;2024-12-15;-291.2;;01/11/2024;;204
591;48983056;0;236252;2024-12-15;-8476.79;;2024-11-01;;100
592;48983069;125736;236252;2024-12-15;-995.98;;01/11/2024;;268
593;48983169;0;236252;2024-12-15;-3374.24;;2024-11-01;;100
594;48983293;125736;236252;2024-12-15;-42.57;;01/11/2024;;268
595;48983276;32;236252;2024-12-15;-392.7;;01/11/2024;;902
596;48983235;125737;236252;2024-12-15;-1567.49;;01/11/2024;;288
597;48983221;81044;236252;2024-12-15;-503.47;;01/11/2024;;204
598;48983230;125736;236252;2024-12-15;-1828.77;;01/11/2024;;268
599;48983274;32;236252;2024-12-15;-2946.73;;01/11/2024;;902
600;48983219;81044;236252;2024-12-15;-7194.97;;01/11/2024;;204
601;48983334;32;236252;2024-12-15;-57156.87;;01/11/2024;;902
602;48983461;32;236252;2024-12-15;-3239.25;;01/11/2024;;902
603;48983431;125736;236252;2024-12-15;-278.25;;01/11/2024;;268
604;48983419;81044;236252;2024-12-15;-5600.84;;01/11/2024;;204
605;48983418;0;236252;2024-12-15;-834.75;;2024-11-01;;100
606;48977553;32;402853;2025-01-17;-398.04;2025-01-17;03/12/2024;;902
607;48918059;32;402853;2024-12-09;-5.64;2024-12-09;01/12/2024;;902
608;48916991;32;402853;2024-12-09;-56.39;2024-12-09;01/12/2024;;902
609;48916972;125737;402853;2024-12-09;-56.39;2024-12-09;01/12/2024;;288
610;48950524;0;402853;2024-11-30;-60.46;;2024-11-30;;100
611;48950507;0;402853;2024-11-30;-4494.42;;2024-11-30;;100
612;48983924;32;236252;2024-11-30;198.62;;30/11/2024;;902
613;48983923;32;236252;2024-11-30;79.17;;30/11/2024;;902
614;48984569;32;236252;2024-11-30;144.9;;30/11/2024;;902
615;48984562;32;236252;2024-11-30;579.6;;30/11/2024;;902
616;48984186;32;236252;2024-11-30;363.12;;30/11/2024;;902
617;48984189;32;236252;2024-11-30;90.78;;30/11/2024;;902
618;48984193;32;236252;2024-11-30;497.17;;30/11/2024;;902
619;48984178;32;236252;2024-11-30;800.15;;30/11/2024;;902
620;48984179;32;236252;2024-11-30;1149.34;;30/11/2024;;902
621;48984000;32;236252;2024-11-30;133.31;;30/11/2024;;902
622;48984008;32;236252;2024-11-30;422.22;;30/11/2024;;902
623;48984015;32;236252;2024-11-30;986.92;;30/11/2024;;902
624;48984004;32;236252;2024-11-30;1739.27;;30/11/2024;;902
625;48984002;32;236252;2024-11-30;533.24;;30/11/2024;;902
626;48984106;32;236252;2024-11-30;33.63;;30/11/2024;;902
627;48984093;32;236252;2024-11-30;63.29;;30/11/2024;;902
628;48984098;32;236252;2024-11-30;214.46;;30/11/2024;;902
629;48984372;32;236252;2024-11-30;1.98;;30/11/2024;;902
630;48984379;32;236252;2024-11-30;9.9;;30/11/2024;;902
631;48984382;32;236252;2024-11-30;3.96;;30/11/2024;;902
632;48984385;32;236252;2024-11-30;1.98;;30/11/2024;;902
633;48984268;32;236252;2024-11-30;78.54;;30/11/2024;;902
634;48983818;32;236252;2024-11-30;950.04;;30/11/2024;;902
635;48983806;32;236252;2024-11-30;2246.82;;30/11/2024;;902
636;48983812;32;236252;2024-11-30;2850.13;;30/11/2024;;902
637;48983807;32;236252;2024-11-30;783.61;;30/11/2024;;902
638;48983810;32;236252;2024-11-30;7803.62;;30/11/2024;;902
639;48983819;32;236252;2024-11-30;1287.58;;30/11/2024;;902
640;48984463;32;236252;2024-11-30;111.3;;30/11/2024;;902
641;48984473;32;236252;2024-11-30;27.83;;30/11/2024;;902
642;49029294;125737;402884;2024-12-06;-4587.0;2024-12-05;05/12/2024;;288
643;49624859;81044;402853;2024-12-17;-1013.93;2024-12-17;03/12/2024;;204
644;49624861;125737;402853;2024-12-17;-253.48;2024-12-17;03/12/2024;;288
645;30304363;32;236252;2024-12-16;-365.75;2024-12-16;06/12/2024;;902
646;49798139;125736;402853;2024-12-13;-17.49;2024-12-13;05/12/2024;;268
647;49825212;81044;472504;2024-12-16;-799.84;2024-12-16;09/12/2024;;204
648;50305657;0;402853;2024-12-10;-1851.38;2024-12-10;2024-12-01;;100
649;50304672;32;433996;2025-01-17;-189.9;2025-01-17;10/12/2024;;902
650;32822646;32;402856;2024-12-01;-2684.76;;01/12/2024;M1;902
651;32822485;32;402856;2024-12-01;-368.52;;01/12/2024;M1;902
652;50805877;125736;236252;2025-01-15;-1467.8;;01/12/2024;;268
653;50806051;81044;236252;2025-01-15;-724.5;;01/12/2024;;204
654;50806036;0;236252;2025-01-15;-2173.5;;2024-12-01;;100
655;50807476;81044;236252;2025-01-15;-3199.2;;01/12/2024;;204
656;50807481;81044;236252;2025-01-15;-457.49;;01/12/2024;;204
657;50809680;32;236252;2025-01-15;-632.9;;01/12/2024;;902
658;50807775;0;236252;2025-01-15;-3410.23;;2024-12-01;;100
659;50809648;125737;236252;2025-01-15;-1964.95;;01/12/2024;;288
660;50807789;81044;236252;2025-01-15;-242.1;;01/12/2024;;204
661;50807583;0;236252;2025-01-15;-5519.13;;2024-12-01;;100
662;50809699;125736;236252;2025-01-15;-1349.9;;01/12/2024;;268
663;50809688;81044;236252;2025-01-15;-780.55;;01/12/2024;;204
664;50809729;32;236252;2025-01-15;-5491.51;;01/12/2024;;902
665;50809893;81044;236252;2025-01-15;-19.8;;01/12/2024;;204
666;50809736;0;236252;2025-01-15;-1208.08;;2024-12-01;;100
667;50809883;32;236252;2025-01-15;-4002.17;;01/12/2024;;902
668;50809856;125737;236252;2025-01-15;-1292.6;;01/12/2024;;288
669;50810272;125736;236252;2025-01-15;-4034.84;;01/12/2024;;268
670;50810355;32;236252;2025-01-15;-3239.25;;01/12/2024;;902
671;36886601;0;433996;2024-11-19;-91.57;;2024-11-19;M1;100
672;36886600;0;433996;2024-10-19;-91.57;;2024-10-19;M1;100
673;45448079;81044;236252;2024-09-30;-2718.8;;30/09/2024;;204
674;46975384;81044;236252;2024-10-31;-2718.8;;31/10/2024;;204
675;46975390;125736;236252;2024-10-31;-83.66;;31/10/2024;;268
676;45298802;125737;236252;2024-09-24;125.49;;24/09/2024;;288
677;44721826;125736;402853;2024-09-11;-4401.3;2024-09-11;11/09/2024;;268
678;44721827;125737;402853;2024-09-11;-6601.95;2024-09-11;11/09/2024;;288
679;3;0;402853;2024-12-08;-3.03;;2024-12-08;M1;100
680;2;0;402853;2024-11-08;-3.03;;2024-11-08;M1;100
681;0;0;402853;2024-09-08;-3.03;;2024-09-08;M1;100
682;21079114;0;402853;2024-12-05;-3.17;;2024-12-05;M1;100
683;44860423;32;403011;2024-09-06;-2869.73;;06/09/2024;M1;902
684;44831104;0;472504;2024-12-06;-405.29;;2024-12-06;M1;100
685;45333036;32;402853;2024-10-04;-598.5;2024-10-04;07/10/2024;;902
686;29958279;0;402856;2024-10-08;-42.9;;2024-10-08;M1;100
687;29958281;0;402856;2024-11-08;-42.9;;2024-11-08;M1;100
688;44410385;81044;433996;2024-10-02;-389.4;2024-10-02;01/09/2024;;204
689;44410393;125737;433996;2024-10-02;-55.63;2024-10-02;01/09/2024;;288
690;45937589;125737;236252;2024-10-15;-1462.3;;01/09/2024;;288
691;45937615;32;236252;2024-10-15;-6144.77;;01/09/2024;;902
692;45937626;81044;236252;2024-10-15;-724.5;;01/09/2024;;204
693;45937666;32;236252;2024-10-15;-7371.5;;01/09/2024;;902
694;45937864;125736;236252;2024-10-15;-1551.5;;01/09/2024;;268
695;45937871;125737;236252;2024-10-15;-174.86;;01/09/2024;;288
696;45937856;81044;236252;2024-10-15;-386.1;;01/09/2024;;204
697;45937969;125736;236252;2024-10-15;-4435.19;;01/09/2024;;268
698;45938001;32;236252;2024-10-15;-391.79;;01/09/2024;;902
699;45937958;81044;236252;2024-10-15;-6536.01;;01/09/2024;;204
700;45937959;81044;236252;2024-10-15;-898.23;;01/09/2024;;204
701;45937968;125736;236252;2024-10-15;-830.09;;01/09/2024;;268
702;45938002;32;236252;2024-10-15;-493.53;;01/09/2024;;902
703;45937975;125737;236252;2024-10-15;-5931.05;;01/09/2024;;288
704;45937970;125736;236252;2024-10-15;-382.44;;01/09/2024;;268
705;45937897;125736;236252;2024-10-15;-1440.25;;01/09/2024;;268
706;45937902;125737;236252;2024-10-15;-1628.37;;01/09/2024;;288
707;45938021;125736;236252;2024-10-15;-301.18;;01/09/2024;;268
708;45938053;32;236252;2024-10-15;-308.53;;01/09/2024;;902
709;45938020;125736;236252;2024-10-15;-213.27;;01/09/2024;;268
710;45938026;125737;236252;2024-10-15;248.49;;01/09/2024;;288
711;45938149;125737;236252;2024-10-15;-44.15;;01/09/2024;;288
712;45938150;125737;236252;2024-10-15;-2.38;;01/09/2024;;288
713;45938182;32;236252;2024-10-15;-19.8;;01/09/2024;;902
714;45938143;125736;236252;2024-10-15;-22.77;;01/09/2024;;268
715;45938181;32;236252;2024-10-15;-158.4;;01/09/2024;;902
716;45938144;125736;236252;2024-10-15;-21.38;;01/09/2024;;268
717;45938124;32;236252;2024-10-15;-314.32;;01/09/2024;;902
718;45938125;32;236252;2024-10-15;-368.73;;01/09/2024;;902
719;45938082;0;236252;2024-10-15;-1134.35;;2024-09-01;;100
720;45938092;125736;236252;2024-10-15;-384.44;;01/09/2024;;268
721;45938210;125737;236252;2024-10-15;-11061.26;;01/09/2024;;288
722;45938195;81044;236252;2024-10-15;-6499.82;;01/09/2024;;204
723;45938239;32;236252;2024-10-15;-5165.14;;01/09/2024;;902
724;45938205;125736;236252;2024-10-15;-9079.28;;01/09/2024;;268
725;45938257;125736;236252;2024-10-15;-278.25;;01/09/2024;;268
726;45938247;81044;236252;2024-10-15;-278.25;;01/09/2024;;204
727;45938258;125736;236252;2024-10-15;-490.25;;01/09/2024;;268
728;45938245;0;236252;2024-10-15;-834.75;;2024-09-01;;100
729;45938351;32;236252;2024-10-15;-2682.75;;01/09/2024;;902
730;45938248;81044;236252;2024-10-15;-278.25;;01/09/2024;;204
731;44284490;0;402856;2024-10-02;-3136.12;2024-10-02;2024-09-02;;100
732;44282691;0;402856;2024-10-02;-3598.69;2024-10-02;2024-09-02;;100
733;44282837;0;402856;2024-10-02;-91.59;2024-10-02;2024-09-02;;100
734;44324759;125736;402853;2024-10-18;-1.13;2024-10-18;02/09/2024;;268
735;44415256;32;402853;2024-10-18;-128.4;2024-10-18;03/09/2024;;902
736;44415285;32;402853;2024-10-18;-398.04;2024-10-18;03/09/2024;;902
737;44754808;0;402853;2024-09-10;-1666.04;2024-09-10;2024-09-01;;100
738;44754818;125737;402853;2024-09-10;-1386.12;2024-09-10;01/09/2024;;288
739;30300255;32;402853;2024-09-16;-365.75;2024-09-16;06/09/2024;;902
740;44828480;125736;402853;2024-09-16;-12.17;2024-09-16;06/09/2024;;268
741;44828475;81044;402853;2024-09-16;-91.27;2024-09-16;06/09/2024;;204
742;44981212;0;402856;2024-10-02;-249.0;2024-10-02;2024-09-12;;100
743;45153925;81044;402853;2024-09-17;-15214.5;2024-09-17;18/09/2024;;204
744;45122872;125736;402884;2024-10-18;-2120.0;2024-10-17;18/09/2024;;268
745;45296216;81044;433996;2024-09-01;-1312.64;;01/09/2024;;204
746;45343557;0;402853;2024-10-25;-79.2;2024-10-25;2024-09-25;;100
747;45331181;125737;402884;2024-09-27;-435.0;2024-09-27;24/09/2024;;288
748;45451640;125737;402853;2024-09-18;-108.7;;19/09/2024;;288
749;45451646;32;402853;2024-09-18;-54.35;;19/09/2024;;902
750;45585969;125736;433996;2024-11-04;-636.72;2024-11-04;30/09/2024;;268
751;45585964;81044;433996;2024-11-04;-4993.85;2024-11-04;30/09/2024;;204
752;32823327;32;402856;2024-09-01;-115.03;;01/09/2024;M1;902
753;45907748;0;402853;2024-09-30;-4242.2;2024-09-30;2024-09-30;;100
754;45904862;0;236252;2024-09-30;661.89;;2024-09-30;;100
755;45904877;32;236252;2024-09-30;241.48;;30/09/2024;;902
756;45904879;32;236252;2024-09-30;875.0;;30/09/2024;;902
757;45904887;32;236252;2024-09-30;1493.87;;30/09/2024;;902
758;45905645;0;236252;2024-09-30;579.6;;2024-09-30;;100
759;45905215;0;236252;2024-09-30;617.35;;2024-09-30;;100
760;45905218;0;236252;2024-09-30;758.96;;2024-09-30;;100
761;45905232;32;236252;2024-09-30;69.22;;30/09/2024;;902
762;45905237;32;236252;2024-09-30;459.18;;30/09/2024;;902
763;45905216;0;236252;2024-09-30;659.12;;2024-09-30;;100
764;45904935;0;236252;2024-09-30;766.53;;2024-09-30;;100
765;45904982;32;236252;2024-09-30;91.11;;30/09/2024;;902
766;45904978;32;236252;2024-09-30;1166.67;;30/09/2024;;902
767;45904973;32;236252;2024-09-30;233.33;;30/09/2024;;902
768;45904980;32;236252;2024-09-30;227.78;;30/09/2024;;902
769;45905050;32;236252;2024-09-30;158.03;;30/09/2024;;902
770;45905053;32;236252;2024-09-30;218.05;;30/09/2024;;902
771;45905386;0;236252;2024-09-30;15.84;;2024-09-30;;100
772;45905427;32;236252;2024-09-30;9.9;;30/09/2024;;902
773;45905429;32;236252;2024-09-30;3.96;;30/09/2024;;902
774;45905387;0;236252;2024-09-30;7.92;;2024-09-30;;100
775;45905421;32;236252;2024-09-30;1.98;;30/09/2024;;902
776;45905433;32;236252;2024-09-30;3.96;;30/09/2024;;902
777;45905431;32;236252;2024-09-30;1.98;;30/09/2024;;902
778;45905338;32;236252;2024-09-30;36.87;;30/09/2024;;902
779;45905314;0;236252;2024-09-30;186.98;;2024-09-30;;100
780;45905316;0;236252;2024-09-30;328.82;;2024-09-30;;100
781;45905328;32;236252;2024-09-30;41.1;;30/09/2024;;902
782;45904789;32;236252;2024-09-30;7214.06;;30/09/2024;;902
783;45904788;32;236252;2024-09-30;2897.55;;30/09/2024;;902
784;45905494;32;236252;2024-09-30;27.83;;30/09/2024;;902
785;46120452;32;402853;2024-10-10;-4516.88;2024-10-10;01/10/2024;;902
786;46126157;0;402856;2024-11-04;-112499.29;2024-11-04;2024-10-01;;100
787;46269476;81044;402853;2024-10-15;-3205.65;2024-10-15;01/10/2024;;204
788;46209732;125736;402853;2024-10-10;-1371.9;2024-10-10;01/10/2024;;268
789;46207623;32;403011;2024-11-04;-8033.56;2024-11-04;03/10/2024;;902
790;46473958;81044;433996;2024-11-04;-423.92;2024-11-04;01/10/2024;;204
791;46473963;125736;433996;2024-11-04;-49.87;2024-11-04;01/10/2024;;268
792;46499616;32;402853;2024-10-15;-365.75;2024-10-15;06/10/2024;;902
793;46504901;125737;402853;2024-10-16;-35.31;2024-10-16;01/10/2024;;288
794;46504898;81044;402853;2024-10-16;-44.14;2024-10-16;01/10/2024;;204
795;46504912;125737;402853;2024-11-19;-1.72;2024-11-19;01/10/2024;;288
796;45463065;32;402853;2024-10-08;-133.1;2024-10-08;09/10/2024;;902
797;46911299;32;402853;2024-10-17;-10269.5;2024-10-17;18/10/2024;;902
798;46911277;125737;402853;2024-10-17;-2340.14;2024-10-17;18/10/2024;;288
799;46911811;32;402853;2024-10-17;-3795.75;2024-10-17;18/10/2024;;902
800;46990407;125736;402853;2024-10-23;-104.17;;23/10/2024;;268
801;46991620;125736;433996;2024-10-01;-376.78;;01/10/2024;;268
802;47175033;0;402853;2024-11-25;-79.2;2024-11-25;2024-10-25;;100
803;47175063;32;402853;2024-11-25;-237.6;2024-11-25;25/10/2024;;902
804;47232778;32;402856;2024-11-18;-265.99;2024-11-14;28/10/2024;;902
805;47243668;0;433996;2024-12-03;-763.86;;2024-10-29;;100
806;47243678;125737;433996;2024-12-03;-720.58;;29/10/2024;;288
807;47243674;125736;433996;2024-12-03;-649.28;;29/10/2024;;268
808;47475169;32;402853;2024-10-31;-107.2;2024-10-31;31/10/2024;;902
809;47475175;32;402853;2024-10-31;-281.89;2024-10-31;31/10/2024;;902
810;47475172;0;402853;2024-10-31;-4549.62;2024-10-31;2024-10-31;;100
811;47646580;81044;236252;2024-11-15;-203.86;;01/10/2024;;204
812;47646594;125737;236252;2024-11-15;-451.71;;01/10/2024;;288
813;47646619;32;236252;2024-11-15;-5670.6;;01/10/2024;;902
814;47646620;32;236252;2024-11-15;-341.67;;01/10/2024;;902
815;47646621;32;236252;2024-11-15;-430.41;;01/10/2024;;902
816;47646643;125737;236252;2024-11-15;-1615.64;;01/10/2024;;288
817;47646671;32;236252;2024-11-15;-9765.5;;01/10/2024;;902
818;47646672;32;236252;2024-11-15;-724.5;;01/10/2024;;902
819;47646630;81044;236252;2024-11-15;-724.5;;01/10/2024;;204
820;47646639;125736;236252;2024-11-15;-724.5;;01/10/2024;;268
821;47646725;125736;236252;2024-11-15;-521.63;;01/10/2024;;268
822;47646715;81044;236252;2024-11-15;-4041.92;;01/10/2024;;204
823;47646808;125736;236252;2024-11-15;-352.68;;01/10/2024;;268
824;47647029;32;236252;2024-11-15;-493.52;;01/10/2024;;902
825;47646796;0;236252;2024-11-15;-3531.41;;2024-10-01;;100
826;47647028;32;236252;2024-11-15;-391.77;;01/10/2024;;902
827;47646763;125737;236252;2024-11-15;-602.28;;01/10/2024;;288
828;47646789;32;236252;2024-11-15;-455.56;;01/10/2024;;902
829;47646744;0;236252;2024-11-15;-4997.9;;2024-10-01;;100
830;47646788;32;236252;2024-11-15;-7601.52;;01/10/2024;;902
831;47647176;125736;236252;2024-11-15;-42.57;;01/10/2024;;268
832;47647154;32;236252;2024-11-15;-2900.63;;01/10/2024;;902
833;47647100;125736;236252;2024-11-15;-1325.32;;01/10/2024;;268
834;47647127;125737;236252;2024-11-15;-841.95;;01/10/2024;;288
835;47647225;32;236252;2024-11-15;-57156.87;;01/10/2024;;902
836;47647229;81044;236252;2024-11-15;-2000.49;;01/10/2024;;204
837;47647747;125736;236252;2024-11-15;-12401.86;;01/10/2024;;268
838;47647227;81044;236252;2024-11-15;-60060.82;;01/10/2024;;204
839;47647753;125737;236252;2024-11-15;-4240.02;;01/10/2024;;288
840;47647802;0;236252;2024-11-15;-834.75;;2024-10-01;;100
841;47647825;125737;236252;2024-11-15;-508.1;;01/10/2024;;288
842;47647899;32;236252;2024-11-15;-278.25;;01/10/2024;;902
843;47647805;81044;236252;2024-11-15;-278.25;;01/10/2024;;204
844;47647823;125737;236252;2024-11-15;-620.5;;01/10/2024;;288
845;47631655;32;402853;2024-11-18;-2000.0;2024-11-18;01/11/2024;;902
846;47619519;0;402856;2024-12-03;-2930.98;;2024-11-01;;100
847;47618968;0;402856;2024-12-03;-118704.96;;2024-11-01;;100
848;32822644;32;402856;2024-10-01;-3347.8;;01/10/2024;M1;902
849;32823328;32;402856;2024-10-01;-116.53;;01/10/2024;M1;902
850;32823677;32;402856;2024-10-01;-3379.43;;01/10/2024;M1;902
851;47646816;125737;402853;2024-11-14;-295.73;2024-11-14;01/11/2024;;288
852;47649119;81044;402853;2024-12-20;-1.38;2024-12-20;01/11/2024;;204
853;47665623;32;236252;2024-10-31;147.53;;31/10/2024;;902
854;47665631;32;236252;2024-10-31;481.21;;31/10/2024;;902
855;47665609;32;236252;2024-10-31;181.11;;31/10/2024;;902
856;47666514;32;236252;2024-10-31;72.45;;31/10/2024;;902
857;47666517;32;236252;2024-10-31;579.6;;31/10/2024;;902
858;47666501;32;236252;2024-10-31;72.45;;31/10/2024;;902
859;47666512;32;236252;2024-10-31;144.9;;31/10/2024;;902
860;47666510;32;236252;2024-10-31;402.65;;31/10/2024;;902
861;47666078;32;236252;2024-10-31;230.02;;31/10/2024;;902
862;47666082;32;236252;2024-10-31;104.03;;31/10/2024;;902
863;47665844;32;236252;2024-10-31;205.55;;31/10/2024;;902
864;47665845;32;236252;2024-10-31;91.11;;31/10/2024;;902
865;47665748;32;236252;2024-10-31;321.97;;31/10/2024;;902
866;47665846;32;236252;2024-10-31;80.31;;31/10/2024;;902
867;47665913;32;236252;2024-10-31;154.27;;31/10/2024;;902
868;47665917;32;236252;2024-10-31;45.29;;31/10/2024;;902
869;47665921;32;236252;2024-10-31;434.35;;31/10/2024;;902
870;47665906;32;236252;2024-10-31;54.51;;31/10/2024;;902
871;47666297;32;236252;2024-10-31;7.92;;31/10/2024;;902
872;47666308;32;236252;2024-10-31;1.98;;31/10/2024;;902
873;47666295;32;236252;2024-10-31;1.98;;31/10/2024;;902
874;47666311;32;236252;2024-10-31;15.84;;31/10/2024;;902
875;47666302;32;236252;2024-10-31;9.9;;31/10/2024;;902
876;47666294;32;236252;2024-10-31;1.98;;31/10/2024;;902
877;47666305;32;236252;2024-10-31;3.96;;31/10/2024;;902
878;47666225;32;236252;2024-10-31;39.27;;31/10/2024;;902
879;47666234;32;236252;2024-10-31;39.27;;31/10/2024;;902
880;47665026;32;236252;2024-10-31;2313.06;;31/10/2024;;902
881;47665023;32;236252;2024-10-31;1734.79;;31/10/2024;;902
882;47665016;32;236252;2024-10-31;2099.96;;31/10/2024;;902
883;47665024;32;236252;2024-10-31;5618.68;;31/10/2024;;902
884;47665018;32;236252;2024-10-31;724.49;;31/10/2024;;902
885;47665033;32;236252;2024-10-31;5774.63;;31/10/2024;;902
886;47665030;32;236252;2024-10-31;1123.74;;31/10/2024;;902
887;47666407;32;236252;2024-10-31;222.6;;31/10/2024;;902
888;47666403;32;236252;2024-10-31;38.66;;31/10/2024;;902
889;47666399;32;236252;2024-10-31;139.13;;31/10/2024;;902
890;47722931;32;402853;2024-12-20;-398.04;2024-12-20;05/11/2024;;902
891;47722884;32;403011;2024-12-03;-8033.56;2024-12-03;05/11/2024;;902
892;47789640;125737;402853;2024-11-07;-5.64;2024-11-07;01/11/2024;;288
893;47788947;125737;402853;2024-11-07;-56.39;2024-11-07;01/11/2024;;288
894;47788954;32;402853;2024-11-07;-56.39;2024-11-07;01/11/2024;;902
895;47873648;81044;402853;2024-11-12;-559.4;2024-11-12;02/11/2024;;204
896;47873653;125737;402853;2024-11-12;-115.8;2024-11-12;02/11/2024;;288
897;47881662;125737;402853;2024-11-11;-1962.61;2024-11-11;01/11/2024;;288
898;48081065;81044;402853;2024-11-14;-95.17;2024-11-14;06/11/2024;;204
899;48130685;32;433995;2024-11-29;-160.0;2024-11-29;14/11/2024;;902
900;48088180;125736;402853;2024-11-14;412.41;2024-11-14;01/11/2024;;268
901;48200502;125736;402853;2024-11-18;-20.94;;18/11/2024;;268
902;48206574;32;402853;2024-11-18;-2576.07;;18/11/2024;;902
903;48206557;125737;402853;2024-11-18;-1664.14;;18/11/2024;;288
904;48199914;32;433996;2024-11-01;-936.98;;01/11/2024;;902
905;48494462;32;402853;2024-11-19;-10269.5;2024-11-19;20/11/2024;;902
906;48494983;125736;402853;2024-11-19;-876.49;2024-11-19;20/11/2024;;268
907;48494974;0;402853;2024-11-19;-834.75;2024-11-19;2024-11-20;;100
908;48495008;32;402853;2024-11-19;-3795.75;2024-11-19;20/11/2024;;902
909;48608922;125737;402853;2024-12-20;-83.75;2024-12-20;25/11/2024;;288
910;48982953;32;236252;2024-12-15;-434.83;;01/11/2024;;902
911;48982912;81044;236252;2024-12-15;-218.4;;01/11/2024;;204
912;48982926;125737;236252;2024-12-15;-2742.54;;01/11/2024;;288
913;48983006;32;236252;2024-12-15;-724.5;;01/11/2024;;902
914;48982960;0;236252;2024-12-15;-2173.5;;2024-11-01;;100
915;48982972;125736;236252;2024-12-15;-1557.68;;01/11/2024;;268
916;48983162;32;236252;2024-12-15;-7641.3;;01/11/2024;;902
917;48983106;81044;236252;2024-12-15;-8686.95;;01/11/2024;;204
918;48983073;125737;236252;2024-12-15;-3511.0;;01/11/2024;;288
919;48983186;125737;236252;2024-12-15;-1918.86;;01/11/2024;;288
920;48983172;81044;236252;2024-12-15;-202.67;;01/11/2024;;204
921;48983213;32;236252;2024-12-15;-572.01;;01/11/2024;;902
922;48983325;32;236252;2024-12-15;-19.8;;01/11/2024;;902
923;48983298;125737;236252;2024-12-15;-63.95;;01/11/2024;;288
924;48983326;32;236252;2024-12-15;-19.8;;01/11/2024;;902
925;48983413;32;236252;2024-12-15;-5856.71;;01/11/2024;;902
926;48983337;81044;236252;2024-12-15;-7031.12;;01/11/2024;;204
927;48983411;32;236252;2024-12-15;-74868.03;;01/11/2024;;902
928;48983336;81044;236252;2024-12-15;-67227.44;;01/11/2024;;204
929;48983412;32;236252;2024-12-15;-4322.07;;01/11/2024;;902
930;48983338;81044;236252;2024-12-15;-2012.85;;01/11/2024;;204
931;48983435;125737;236252;2024-12-15;-898.75;;01/11/2024;;288
932;48923396;0;402856;2025-01-03;-3031.72;2025-01-03;2024-12-02;;100
933;48922456;0;402856;2025-01-03;-97771.28;2025-01-03;2024-12-01;;100
934;48933916;125737;402853;2024-12-12;-115.8;2024-12-12;02/12/2024;;288
935;48918038;81044;402853;2024-12-09;-5.64;2024-12-09;01/12/2024;;204
936;48916963;81044;402853;2024-12-09;-56.39;2024-12-09;01/12/2024;;204
937;48950514;0;402853;2024-11-30;-239.59;;2024-11-30;;100
938;48950503;0;402853;2024-11-30;-660.93;;2024-11-30;;100
939;48950523;0;402853;2024-11-30;-1468.4;;2024-11-30;;100
940;48983918;32;236252;2024-11-30;993.08;;30/11/2024;;902
941;48983927;32;236252;2024-11-30;617.85;;30/11/2024;;902
942;48983912;32;236252;2024-11-30;262.59;;30/11/2024;;902
943;48983915;32;236252;2024-11-30;871.62;;30/11/2024;;902
944;48983926;32;236252;2024-11-30;507.47;;30/11/2024;;902
945;48984572;32;236252;2024-11-30;72.45;;30/11/2024;;902
946;48984560;32;236252;2024-11-30;217.35;;30/11/2024;;902
947;48984565;32;236252;2024-11-30;362.25;;30/11/2024;;902
948;48984570;32;236252;2024-11-30;72.45;;30/11/2024;;902
949;48984563;32;236252;2024-11-30;362.25;;30/11/2024;;902
950;48984559;32;236252;2024-11-30;72.45;;30/11/2024;;902
951;48984188;32;236252;2024-11-30;85.41;;30/11/2024;;902
952;48984175;32;236252;2024-11-30;80.36;;30/11/2024;;902
953;48984001;32;236252;2024-11-30;399.93;;30/11/2024;;902
954;48984012;32;236252;2024-11-30;265.93;;30/11/2024;;902
955;48984007;32;236252;2024-11-30;289.89;;30/11/2024;;902
956;48984010;32;236252;2024-11-30;115.95;;30/11/2024;;902
957;48984097;32;236252;2024-11-30;905.11;;30/11/2024;;902
958;48984092;32;236252;2024-11-30;181.02;;30/11/2024;;902
959;48984099;32;236252;2024-11-30;551.92;;30/11/2024;;902
960;48984095;32;236252;2024-11-30;253.15;;30/11/2024;;902
961;48984375;32;236252;2024-11-30;15.84;;30/11/2024;;902
962;48984383;32;236252;2024-11-30;1.98;;30/11/2024;;902
963;48984373;32;236252;2024-11-30;5.94;;30/11/2024;;902
964;48984381;32;236252;2024-11-30;3.96;;30/11/2024;;902
965;48984378;32;236252;2024-11-30;9.9;;30/11/2024;;902
966;48984386;32;236252;2024-11-30;3.96;;30/11/2024;;902
967;48984273;32;236252;2024-11-30;278.9;;30/11/2024;;902
968;48984270;32;236252;2024-11-30;39.27;;30/11/2024;;902
969;48984272;32;236252;2024-11-30;87.55;;30/11/2024;;902
970;48983815;32;236252;2024-11-30;3800.17;;30/11/2024;;902
971;48983816;32;236252;2024-11-30;2575.15;;30/11/2024;;902
972;48984465;32;236252;2024-11-30;139.13;;30/11/2024;;902
973;48984469;32;236252;2024-11-30;111.3;;30/11/2024;;902
974;48984476;32;236252;2024-11-30;197.62;;30/11/2024;;902
975;48984470;32;236252;2024-11-30;55.65;;30/11/2024;;902
976;48984474;32;236252;2024-11-30;27.83;;30/11/2024;;902
977;48984461;32;236252;2024-11-30;27.83;;30/11/2024;;902
978;48984468;32;236252;2024-11-30;139.13;;30/11/2024;;902
979;48984460;32;236252;2024-11-30;27.83;;30/11/2024;;902
980;49626287;81044;402853;2025-01-17;-4.71;2025-01-17;03/12/2024;;204
981;49626294;32;402853;2025-01-17;-1.18;2025-01-17;03/12/2024;;902
982;49798142;125737;402853;2024-12-13;-17.49;2024-12-13;05/12/2024;;288
983;50038753;125736;402853;2024-12-16;-2462.4;2024-12-16;01/12/2024;;268
984;50305658;81044;402853;2024-12-10;-8548.08;2024-12-10;01/12/2024;;204
985;50307932;81044;402884;2024-12-10;-407.69;;01/12/2024;;204
986;32823331;32;402856;2024-12-01;-140.34;;01/12/2024;M1;902
987;50806004;32;236252;2025-01-15;-6018.8;;01/12/2024;;902
988;50805831;81044;236252;2025-01-15;-204.62;;01/12/2024;;204
989;50805827;81044;236252;2025-01-15;-849.83;;01/12/2024;;204
990;50806217;32;236252;2025-01-15;-724.5;;01/12/2024;;902
991;50806213;32;236252;2025-01-15;-8820.5;;01/12/2024;;902
992;50807472;81044;236252;2025-01-15;-11510.79;;01/12/2024;;204
993;50807530;125737;236252;2025-01-15;-2165.95;;01/12/2024;;288
994;50809643;125736;236252;2025-01-15;-1710.44;;01/12/2024;;268
995;50809678;32;236252;2025-01-15;-6876.81;;01/12/2024;;902
996;50807784;81044;236252;2025-01-15;-991.16;;01/12/2024;;204
997;50807596;81044;236252;2025-01-15;-274.31;;01/12/2024;;204
998;50807653;125737;236252;2025-01-15;-2927.94;;01/12/2024;;288
999;50807640;125736;236252;2025-01-15;-714.7;;01/12/2024;;268
1000;50807591;81044;236252;2025-01-15;-1574.74;;01/12/2024;;204
1001;50809687;81044;236252;2025-01-15;-5919.42;;01/12/2024;;204
1002;50809704;125737;236252;2025-01-15;-1548.1;;01/12/2024;;288
1003;50809891;81044;236252;2025-01-15;-378.2;;01/12/2024;;204
1004;50809907;125737;236252;2025-01-15;-63.95;;01/12/2024;;288
1005;50809933;32;236252;2025-01-15;-198.0;;01/12/2024;;902
1006;50809738;81044;236252;2025-01-15;-392.7;;01/12/2024;;204
1007;50810305;32;236252;2025-01-15;-6748.56;;01/12/2024;;902
1008;50810304;32;236252;2025-01-15;-4211.07;;01/12/2024;;902
1009;50810324;125736;236252;2025-01-15;-278.25;;01/12/2024;;268
1010;50810358;32;236252;2025-01-15;-278.25;;01/12/2024;;902
1011;50810312;81044;236252;2025-01-15;-5335.84;;01/12/2024;;204
1012;50810328;125737;236252;2025-01-15;-898.75;;01/12/2024;;288
1013;50810311;0;236252;2025-01-15;-834.75;;2024-12-01;;100
1014;45584669;0;402856;2024-10-17;-57.17;2024-10-17;2024-09-12;;100
1015;45448084;125736;236252;2024-09-30;-418.28;;30/09/2024;;268
1016;45448088;125737;236252;2024-09-30;-418.28;;30/09/2024;;288
1017;45448089;125737;236252;2024-09-30;-125.49;;30/09/2024;;288
1018;45448085;125736;236252;2024-09-30;-83.66;;30/09/2024;;268
1019;47152852;81044;236252;2024-10-31;-2718.8;;30/11/2024;;204
1020;45298792;81044;236252;2024-09-24;2718.8;;24/09/2024;;204
1021;45298780;125736;236252;2024-09-24;83.66;;24/09/2024;;268
1022;46612927;81044;402884;2024-10-18;-900.0;2024-10-18;18/10/2024;;204
1023;48498824;81044;402884;2024-11-29;-819.0;2024-11-28;29/11/2024;;204
1024;48609392;81044;402884;2024-12-09;-990.0;2024-12-09;25/11/2024;;204
1025;45908758;0;402853;2024-09-30;-76.95;;2024-09-30;M1;100
1026;44722383;125736;402853;2024-09-11;-304.99;2024-09-11;11/09/2024;;268
1027;46454749;0;402856;2024-11-04;-249.0;2024-11-04;2024-10-12;;100
1028;44410389;125736;433996;2024-10-02;-55.63;2024-10-02;01/09/2024;;268
1029;43628435;81044;402884;2024-09-10;-407.69;;01/09/2024;;204
1030;45937584;125736;236252;2024-10-15;-742.41;;01/09/2024;;268
1031;45937575;81044;236252;2024-10-15;-182.75;;01/09/2024;;204
1032;45937572;0;236252;2024-10-15;-3006.39;;2024-09-01;;100
1033;45937640;125737;236252;2024-10-15;-1615.64;;01/09/2024;;288
1034;45937625;81044;236252;2024-10-15;-724.5;;01/09/2024;;204
1035;45937634;125736;236252;2024-10-15;-833.18;;01/09/2024;;268
1036;45937865;125736;236252;2024-10-15;-835.33;;01/09/2024;;268
1037;45937870;125737;236252;2024-10-15;-4162.82;;01/09/2024;;288
1038;45937854;81044;236252;2024-10-15;-9714.6;;01/09/2024;;204
1039;45937960;81044;236252;2024-10-15;-224.99;;01/09/2024;;204
1040;45937887;81044;236252;2024-10-15;-1261.14;;01/09/2024;;204
1041;45937886;81044;236252;2024-10-15;-7462.72;;01/09/2024;;204
1042;45937903;125737;236252;2024-10-15;-1119.08;;01/09/2024;;288
1043;45937929;32;236252;2024-10-15;-455.55;;01/09/2024;;902
1044;45937928;32;236252;2024-10-15;-9693.37;;01/09/2024;;902
1045;45938052;32;236252;2024-10-15;-4741.4;;01/09/2024;;902
1046;45938009;81044;236252;2024-10-15;-5192.3;;01/09/2024;;204
1047;45938025;125737;236252;2024-10-15;-1153.73;;01/09/2024;;288
1048;45938145;125736;236252;2024-10-15;-19.8;;01/09/2024;;268
1049;45938083;81044;236252;2024-10-15;-6599.15;;01/09/2024;;204
1050;45938097;125737;236252;2024-10-15;-790.56;;01/09/2024;;288
1051;45938093;125736;236252;2024-10-15;-516.22;;01/09/2024;;268
1052;45938238;32;236252;2024-10-15;-4099.65;;01/09/2024;;902
1053;45938206;125736;236252;2024-10-15;-3667.02;;01/09/2024;;268
1054;45938204;125736;236252;2024-10-15;-7401.75;;01/09/2024;;268
1055;45938193;0;236252;2024-10-15;-36076.23;;2024-09-01;;100
1056;45938262;125737;236252;2024-10-15;-620.5;;01/09/2024;;288
1057;45938246;81044;236252;2024-10-15;-5335.84;;01/09/2024;;204
1058;45938353;32;236252;2024-10-15;-278.25;;01/09/2024;;902
1059;44280855;32;402853;2024-09-18;-2000.0;2024-09-18;01/09/2024;;902
1060;44283110;0;402856;2024-10-02;-119957.0;2024-10-02;2024-09-02;;100
1061;44324744;81044;402853;2024-09-17;-46.14;2024-09-17;02/09/2024;;204
1062;44524152;0;402853;2024-09-05;-21.46;2024-09-05;2024-09-06;;100
1063;44754835;32;402853;2024-09-10;-5462.89;2024-09-10;01/09/2024;;902
1064;44754814;125736;402853;2024-09-10;-1010.78;2024-09-10;01/09/2024;;268
1065;45153719;32;433995;2024-09-30;-7781.76;2024-09-30;19/09/2024;;902
1066;45153930;125736;402853;2024-09-17;-2282.18;2024-09-17;18/09/2024;;268
1067;45154060;0;402853;2024-09-17;-834.75;2024-09-17;2024-09-18;;100
1068;45154070;125737;402853;2024-09-17;-787.45;2024-09-17;18/09/2024;;288
1069;45154090;32;402853;2024-09-17;-3239.25;2024-09-17;18/09/2024;;902
1070;45294308;125736;402853;2024-09-18;-15.17;;18/09/2024;;268
1071;45331179;125736;402884;2024-09-27;-290.0;2024-09-27;24/09/2024;;268
1072;45451637;125736;402853;2024-09-18;-108.7;;19/09/2024;;268
1073;45585991;32;433996;2024-11-04;-2746.62;2024-11-04;30/09/2024;;902
1074;45907762;0;402853;2024-09-30;-82.43;2024-09-30;2024-09-30;;100
1075;45907751;0;402853;2024-09-30;-239.12;2024-09-30;2024-09-30;;100
1076;45907764;0;402853;2024-09-30;-4452.61;2024-09-30;2024-09-30;;100
1077;45907759;0;402853;2024-09-30;-181.74;2024-09-30;2024-09-30;;100
1078;45904878;32;236252;2024-09-30;601.16;;30/09/2024;;902
1079;45904874;32;236252;2024-09-30;175.0;;30/09/2024;;902
1080;45904883;32;236252;2024-09-30;68.33;;30/09/2024;;902
1081;45904876;32;236252;2024-09-30;181.11;;30/09/2024;;902
1082;45905665;32;236252;2024-09-30;144.9;;30/09/2024;;902
1083;45905661;32;236252;2024-09-30;579.6;;30/09/2024;;902
1084;45905669;32;236252;2024-09-30;144.9;;30/09/2024;;902
1085;45905658;32;236252;2024-09-30;72.45;;30/09/2024;;902
1086;45905659;32;236252;2024-09-30;217.35;;30/09/2024;;902
1087;45905663;32;236252;2024-09-30;362.25;;30/09/2024;;902
1088;45905644;0;236252;2024-09-30;289.8;;2024-09-30;;100
1089;45905670;32;236252;2024-09-30;579.6;;30/09/2024;;902
1090;45905238;32;236252;2024-09-30;195.9;;30/09/2024;;902
1091;45905240;32;236252;2024-09-30;78.36;;30/09/2024;;902
1092;45905235;32;236252;2024-09-30;689.33;;30/09/2024;;902
1093;45904974;32;236252;2024-09-30;80.5;;30/09/2024;;902
1094;45904979;32;236252;2024-09-30;502.56;;30/09/2024;;902
1095;45905056;32;236252;2024-09-30;361.6;;30/09/2024;;902
1096;45905037;0;236252;2024-09-30;519.05;;2024-09-30;;100
1097;45905035;0;236252;2024-09-30;486.17;;2024-09-30;;100
1098;45905063;32;236252;2024-09-30;657.4;;30/09/2024;;902
1099;45905389;0;236252;2024-09-30;15.84;;2024-09-30;;100
1100;45905335;32;236252;2024-09-30;157.16;;30/09/2024;;902
1101;45905339;32;236252;2024-09-30;31.43;;30/09/2024;;902
1102;45905329;32;236252;2024-09-30;36.87;;30/09/2024;;902
1103;45905337;32;236252;2024-09-30;62.86;;30/09/2024;;902
1104;45904791;32;236252;2024-09-30;4868.58;;30/09/2024;;902
1105;45904792;32;236252;2024-09-30;2049.83;;30/09/2024;;902
1106;45904794;32;236252;2024-09-30;819.93;;30/09/2024;;902
1107;45904772;0;236252;2024-09-30;6897.57;;2024-09-30;;100
1108;45905480;0;236252;2024-09-30;222.6;;2024-09-30;;100
1109;45905507;32;236252;2024-09-30;55.65;;30/09/2024;;902
1110;45905482;0;236252;2024-09-30;111.3;;2024-09-30;;100
1111;46117459;125737;402853;2024-10-11;-85.9;2024-10-11;02/10/2024;;288
1112;46204242;0;402856;2024-11-04;-2895.33;2024-11-04;2024-10-02;;100
1113;46503808;81044;402853;2024-10-15;-99.13;2024-10-15;08/10/2024;;204
1114;46503812;125736;402853;2024-10-15;-11.66;2024-10-15;08/10/2024;;268
1115;46504911;125736;402853;2024-11-19;-1.51;2024-11-19;01/10/2024;;268
1116;46504909;81044;402853;2024-11-19;-2.15;2024-11-19;01/10/2024;;204
1117;45463063;32;402853;2024-10-08;-346.5;2024-10-08;09/10/2024;;902
1118;46621436;81044;402884;2024-11-18;-2767.0;2024-11-14;15/10/2024;;204
1119;46911274;125736;402853;2024-10-17;-2282.18;2024-10-17;18/10/2024;;268
1120;46886611;0;402884;2024-11-22;-5997.0;2024-11-21;2024-10-21;;100
1121;46911781;81044;402853;2024-10-17;-5843.25;2024-10-17;18/10/2024;;204
1122;46911791;125737;402853;2024-10-17;-898.75;2024-10-17;18/10/2024;;288
1123;46985616;81044;402853;2024-10-24;-3831.9;;23/10/2024;;204
1124;46985621;125736;402853;2024-10-24;-1724.35;;23/10/2024;;268
1125;46991632;32;433996;2024-10-01;-1507.11;;01/10/2024;;902
1126;47026325;81044;402853;2024-10-17;-123.6;;18/10/2024;;204
1127;47026332;125737;402853;2024-10-17;-14.54;;18/10/2024;;288
1128;47243669;81044;433996;2024-12-03;-5092.41;;29/10/2024;;204
1129;47475182;0;402853;2024-10-31;-82.6;2024-10-31;2024-10-31;;100
1130;47475185;0;402853;2024-10-31;-4544.0;2024-10-31;2024-10-31;;100
1131;47475183;0;402853;2024-10-31;-1404.52;2024-10-31;2024-10-31;;100
1132;47646589;125736;236252;2024-11-15;-392.85;;01/10/2024;;268
1133;47646588;125736;236252;2024-11-15;-1506.08;;01/10/2024;;268
1134;47646644;125737;236252;2024-11-15;-1323.0;;01/10/2024;;288
1135;47646629;81044;236252;2024-11-15;-724.5;;01/10/2024;;204
1136;47646714;81044;236252;2024-11-15;-14457.07;;01/10/2024;;204
1137;47646799;81044;236252;2024-11-15;-243.89;;01/10/2024;;204
1138;47646790;32;236252;2024-11-15;-573.92;;01/10/2024;;902
1139;47646745;81044;236252;2024-11-15;-8506.66;;01/10/2024;;204
1140;47647053;125737;236252;2024-11-15;-1392.17;;01/10/2024;;288
1141;47647036;81044;236252;2024-11-15;-5540.43;;01/10/2024;;204
1142;47647081;32;236252;2024-11-15;-5170.56;;01/10/2024;;902
1143;47647037;81044;236252;2024-11-15;-812.71;;01/10/2024;;204
1144;47647163;81044;236252;2024-11-15;-378.2;;01/10/2024;;204
1145;47647164;81044;236252;2024-11-15;-19.8;;01/10/2024;;204
1146;47647177;125736;236252;2024-11-15;-19.8;;01/10/2024;;268
1147;47647156;32;236252;2024-11-15;-392.7;;01/10/2024;;902
1148;47647089;0;236252;2024-11-15;-1208.08;;2024-10-01;;100
1149;47647155;32;236252;2024-11-15;-334.75;;01/10/2024;;902
1150;47647090;81044;236252;2024-11-15;-6994.61;;01/10/2024;;204
1151;47647781;32;236252;2024-11-15;-4100.54;;01/10/2024;;902
1152;47647780;32;236252;2024-11-15;-68801.17;;01/10/2024;;902
1153;47647748;125736;236252;2024-11-15;-2795.43;;01/10/2024;;268
1154;47647813;125736;236252;2024-11-15;-598.24;;01/10/2024;;268
1155;47647894;32;236252;2024-11-15;-3602.2;;01/10/2024;;902
1156;47647814;125736;236252;2024-11-15;-278.25;;01/10/2024;;268
1157;47647897;32;236252;2024-11-15;-278.25;;01/10/2024;;902
1158;47618870;0;402856;2024-12-03;-1878.4;;2024-11-01;;100
1159;47646813;81044;402853;2024-11-14;-295.73;2024-11-14;01/11/2024;;204
1160;47649106;125737;402853;2024-11-14;-28.2;2024-11-14;01/11/2024;;288
1161;47649117;32;402853;2024-11-14;-28.2;2024-11-14;01/11/2024;;902
1162;47649129;32;402853;2024-12-20;-1.37;2024-12-20;01/11/2024;;902
1163;47649122;125737;402853;2024-12-20;-1.38;2024-12-20;01/11/2024;;288
1164;47665627;32;236252;2024-10-31;34.17;;31/10/2024;;902
1165;47665620;32;236252;2024-10-31;368.82;;31/10/2024;;902
1166;47665628;32;236252;2024-10-31;350.0;;31/10/2024;;902
1167;47665618;32;236252;2024-10-31;180.71;;31/10/2024;;902
1168;47665611;32;236252;2024-10-31;241.48;;31/10/2024;;902
1169;47666507;32;236252;2024-10-31;301.99;;31/10/2024;;902
1170;47666506;32;236252;2024-10-31;362.25;;31/10/2024;;902
1171;47666504;32;236252;2024-10-31;289.8;;31/10/2024;;902
1172;47666513;32;236252;2024-10-31;100.66;;31/10/2024;;902
1173;47666502;32;236252;2024-10-31;72.45;;31/10/2024;;902
1174;47666072;32;236252;2024-10-31;276.9;;31/10/2024;;902
1175;47666074;32;236252;2024-10-31;1003.34;;31/10/2024;;902
1176;47666085;32;236252;2024-10-31;551.55;;31/10/2024;;902
1177;47666069;32;236252;2024-10-31;200.67;;31/10/2024;;902
1178;47666070;32;236252;2024-10-31;69.23;;31/10/2024;;902
1179;47666073;32;236252;2024-10-31;689.31;;31/10/2024;;902
1180;47665842;32;236252;2024-10-31;227.78;;31/10/2024;;902
1181;47665850;32;236252;2024-10-31;638.79;;31/10/2024;;902
1182;47665847;32;236252;2024-10-31;102.78;;31/10/2024;;902
1183;47665839;32;236252;2024-10-31;1166.67;;31/10/2024;;902
1184;47665907;32;236252;2024-10-31;163.54;;31/10/2024;;902
1185;47665920;32;236252;2024-10-31;316.05;;31/10/2024;;902
1186;47665914;32;236252;2024-10-31;181.14;;31/10/2024;;902
1187;47665918;32;236252;2024-10-31;81.92;;31/10/2024;;902
1188;47665908;32;236252;2024-10-31;218.05;;31/10/2024;;902
1189;47666306;32;236252;2024-10-31;3.96;;31/10/2024;;902
1190;47666303;32;236252;2024-10-31;9.9;;31/10/2024;;902
1191;47666310;32;236252;2024-10-31;3.96;;31/10/2024;;902
1192;47666233;32;236252;2024-10-31;66.95;;31/10/2024;;902
1193;47666232;32;236252;2024-10-31;78.54;;31/10/2024;;902
1194;47666236;32;236252;2024-10-31;87.55;;31/10/2024;;902
1195;47666231;32;236252;2024-10-31;167.38;;31/10/2024;;902
1196;47665027;32;236252;2024-10-31;2247.47;;31/10/2024;;902
1197;47665029;32;236252;2024-10-31;578.26;;31/10/2024;;902
1198;47665025;32;236252;2024-10-31;2050.27;;31/10/2024;;902
1199;47665019;32;236252;2024-10-31;2173.48;;31/10/2024;;902
1200;47665022;32;236252;2024-10-31;10499.8;;31/10/2024;;902
1201;47666405;32;236252;2024-10-31;27.83;;31/10/2024;;902
1202;47666394;32;236252;2024-10-31;111.3;;31/10/2024;;902
1203;47666400;32;236252;2024-10-31;154.64;;31/10/2024;;902
1204;47666397;32;236252;2024-10-31;115.98;;31/10/2024;;902
1205;47666404;32;236252;2024-10-31;27.83;;31/10/2024;;902
1206;47881640;81044;402853;2024-11-11;-7364.4;2024-11-11;01/11/2024;;204
1207;47881653;125736;402853;2024-11-11;-802.12;2024-11-11;01/11/2024;;268
1208;47281527;81044;402853;2024-11-06;-699.52;2024-11-06;04/11/2024;;204
1209;48080306;0;402856;2024-12-03;-249.0;;2024-11-12;;100
1210;48130637;32;402853;2024-11-29;-7781.76;2024-11-29;14/11/2024;;902
1211;48200498;81044;402853;2024-11-18;-118.66;;18/11/2024;;204
1212;48206549;81044;402853;2024-11-18;-3606.49;;18/11/2024;;204
1213;48199904;125737;433996;2024-11-01;-298.5;;01/11/2024;;288
1214;48494442;125737;402853;2024-11-19;-2340.14;2024-11-19;20/11/2024;;288
1215;48494430;81044;402853;2024-11-19;-15214.5;2024-11-19;20/11/2024;;204
1216;48494429;0;402853;2024-11-19;-2173.5;2024-11-19;2024-11-20;;100
1217;48494987;125737;402853;2024-11-19;0.0;2024-11-19;20/11/2024;;288
1218;48608914;81044;402853;2024-12-20;-469.26;2024-12-20;25/11/2024;;204
1219;32823678;32;402856;2024-11-01;-7312.54;;01/11/2024;M1;902
1220;48951725;32;402856;2024-11-30;-13.77;;30/11/2024;M1;902
1221;48921104;125737;433996;2025-01-03;-77.02;2025-01-03;01/12/2024;;288
1222;48982922;125736;236252;2024-12-15;-563.61;;01/11/2024;;268
1223;48982910;81044;236252;2024-12-15;-10426.82;;01/11/2024;;204
1224;48983005;32;236252;2024-12-15;-724.5;;01/11/2024;;902
1225;48982961;81044;236252;2024-12-15;-14632.38;;01/11/2024;;204
1226;48982962;81044;236252;2024-12-15;-724.5;;01/11/2024;;204
1227;48983107;81044;236252;2024-12-15;-1249.73;;01/11/2024;;204
1228;48983108;81044;236252;2024-12-15;-257.36;;01/11/2024;;204
1229;48983122;125737;236252;2024-12-15;-2436.69;;01/11/2024;;288
1230;48983117;125736;236252;2024-12-15;-1317.69;;01/11/2024;;268
1231;48983057;81044;236252;2024-12-15;-14013.31;;01/11/2024;;204
1232;48983099;32;236252;2024-12-15;-579.77;;01/11/2024;;902
1233;48983100;32;236252;2024-12-15;-1873.3;;01/11/2024;;902
1234;48983068;125736;236252;2024-12-15;-2849.23;;01/11/2024;;268
1235;48983171;81044;236252;2024-12-15;-984.17;;01/11/2024;;204
1236;48983170;81044;236252;2024-12-15;-6893.08;;01/11/2024;;204
1237;48983181;125736;236252;2024-12-15;-1037.7;;01/11/2024;;268
1238;48983182;125736;236252;2024-12-15;-428.33;;01/11/2024;;268
1239;48983282;81044;236252;2024-12-15;-392.06;;01/11/2024;;204
1240;48983283;81044;236252;2024-12-15;-19.8;;01/11/2024;;204
1241;48983348;125736;236252;2024-12-15;-4425.13;;01/11/2024;;268
1242;48983430;125736;236252;2024-12-15;-598.24;;01/11/2024;;268
1243;48983463;32;236252;2024-12-15;-278.25;;01/11/2024;;902
1244;48977461;32;402853;2025-01-17;-128.4;2025-01-17;03/12/2024;;902
1245;48911891;32;402853;2024-12-18;-2000.0;2024-12-18;01/12/2024;;902
1246;48933911;81044;402853;2024-12-12;-615.3;2024-12-12;02/12/2024;;204
1247;48950525;0;402853;2024-11-30;-86.35;;2024-11-30;;100
1248;48950509;32;402853;2024-11-30;-281.89;;30/11/2024;;902
1249;48950521;0;402853;2024-11-30;-207.28;;2024-11-30;;100
1250;48983922;32;236252;2024-11-30;86.97;;30/11/2024;;902
1251;48983914;32;236252;2024-11-30;350.12;;30/11/2024;;902
1252;48983920;32;236252;2024-11-30;316.66;;30/11/2024;;902
1253;48983925;32;236252;2024-11-30;43.48;;30/11/2024;;902
1254;48983910;32;236252;2024-11-30;253.73;;30/11/2024;;902
1255;48983921;32;236252;2024-11-30;397.23;;30/11/2024;;902
1256;48984573;32;236252;2024-11-30;144.9;;30/11/2024;;902
1257;48984574;32;236252;2024-11-30;514.55;;30/11/2024;;902
1258;48984558;32;236252;2024-11-30;72.45;;30/11/2024;;902
1259;48984177;32;236252;2024-11-30;321.45;;30/11/2024;;902
1260;48984191;32;236252;2024-11-30;42.7;;30/11/2024;;902
1261;48984184;32;236252;2024-11-30;700.85;;30/11/2024;;902
1262;48984005;32;236252;2024-11-30;316.67;;30/11/2024;;902
1263;48984006;32;236252;2024-11-30;1329.64;;30/11/2024;;902
1264;48984107;32;236252;2024-11-30;362.04;;30/11/2024;;902
1265;48984094;32;236252;2024-11-30;189.86;;30/11/2024;;902
1266;48984096;32;236252;2024-11-30;630.11;;30/11/2024;;902
1267;48984102;32;236252;2024-11-30;220.77;;30/11/2024;;902
1268;48984376;32;236252;2024-11-30;9.9;;30/11/2024;;902
1269;48984384;32;236252;2024-11-30;1.98;;30/11/2024;;902
1270;48984371;32;236252;2024-11-30;1.98;;30/11/2024;;902
1271;48984271;32;236252;2024-11-30;33.48;;30/11/2024;;902
1272;48984262;32;236252;2024-11-30;117.81;;30/11/2024;;902
1273;48984263;32;236252;2024-11-30;157.08;;30/11/2024;;902
1274;48984264;32;236252;2024-11-30;350.2;;30/11/2024;;902
1275;48984267;32;236252;2024-11-30;167.38;;30/11/2024;;902
1276;48983809;32;236252;2024-11-30;3134.44;;30/11/2024;;902
1277;48983821;32;236252;2024-11-30;4493.64;;30/11/2024;;902
1278;48983822;32;236252;2024-11-30;4432.71;;30/11/2024;;902
1279;48983817;32;236252;2024-11-30;864.41;;30/11/2024;;902
1280;48983808;32;236252;2024-11-30;2350.83;;30/11/2024;;902
1281;48984467;32;236252;2024-11-30;139.13;;30/11/2024;;902
1282;48984472;32;236252;2024-11-30;27.83;;30/11/2024;;902
1283;48984464;32;236252;2024-11-30;222.6;;30/11/2024;;902
1284;49626285;32;402853;2024-12-17;-24.17;2024-12-17;03/12/2024;;902
1285;49626278;81044;402853;2024-12-17;-96.67;2024-12-17;03/12/2024;;204
1286;49626289;125737;402853;2025-01-17;-1.18;2025-01-17;03/12/2024;;288
1287;49798135;81044;402853;2024-12-13;-87.47;2024-12-13;05/12/2024;;204
1288;50305663;125736;402853;2024-12-10;-1204.46;2024-12-10;01/12/2024;;268
1289;50305667;125737;402853;2024-12-10;-1702.54;2024-12-10;01/12/2024;;288
1290;50805822;81044;236252;2025-01-15;-6626.96;;01/12/2024;;204
1291;50805883;125736;236252;2025-01-15;-467.08;;01/12/2024;;268
1292;50806013;32;236252;2025-01-15;-491.27;;01/12/2024;;902
1293;50806045;81044;236252;2025-01-15;-724.5;;01/12/2024;;204
1294;50806041;81044;236252;2025-01-15;-13932.86;;01/12/2024;;204
1295;50806085;125736;236252;2025-01-15;-1557.68;;01/12/2024;;268
1296;50807513;125736;236252;2025-01-15;-3318.74;;01/12/2024;;268
1297;50807779;81044;236252;2025-01-15;-7480.86;;01/12/2024;;204
1298;50809679;32;236252;2025-01-15;-402.46;;01/12/2024;;902
1299;50807758;32;236252;2025-01-15;-671.17;;01/12/2024;;902
1300;50807587;81044;236252;2025-01-15;-9854.91;;01/12/2024;;204
1301;50809700;125736;236252;2025-01-15;-337.93;;01/12/2024;;268
1302;50809851;125736;236252;2025-01-15;-901.9;;01/12/2024;;268
1303;50809884;32;236252;2025-01-15;-334.75;;01/12/2024;;902
1304;50809943;32;236252;2025-01-15;-57156.87;;01/12/2024;;902
1305;50809945;81044;236252;2025-01-15;-66825.97;;01/12/2024;;204
1306;50810276;125737;236252;2025-01-15;-17446.2;;01/12/2024;;288
1307;50810271;125736;236252;2025-01-15;-14355.7;;01/12/2024;;268
1308;50810303;32;236252;2025-01-15;-75112.3;;01/12/2024;;902
1309;50809947;81044;236252;2025-01-15;-2089.87;;01/12/2024;;204
1310;50810357;32;236252;2025-01-15;-278.25;;01/12/2024;;902
1311;50810323;125736;236252;2025-01-15;-598.24;;01/12/2024;;268
